ObjectID,X,Y,School,City,GradeLevels
1,767637.23167577,315674.50617952,1ST CLASS MONTESSORI - MEMPHIS,Memphis,"PK,K"
2,828609.47361461,327549.00838232,1ST CLASS MONTESSORI SCHOOL - CORDOVA,Cordova,"PK,K,1,2,3"
3,757231.10957349,307890.57621781,A B HILL ELEMENTARY,Memphis,"PK,K,1,2,3,4,5"
4,2168767.2118905,748347.64936167,A H ROBERTS ELEMENTARY,Livingston,"PK,K,1,2,3,4"
5,2536256.89127976,569511.28623458,A L LOTTS ELEMENTARY,Knoxville,"K,1,2,3,4,5"
6,771203.19803545,280124.28354659,A. MACEO WALKER MIDDLE SCHOOL,Memphis,"6,7,8"
7,2252345.61067826,260524.649944,A. W. SPALDING ELEMENTARY SCHOOL,Collegedale,"K,1,2,3,4,5,6,7,8"
8,1771965.59699184,615629.39266566,A. Z. KELLEY ELEMENTARY SCHOOL,Antioch,"K,1,2,3,4,5"
9,1801613.15289302,725138.20627935,AARON ACADEMY,Hendersonville,"K,1,2,3,4,5,6,7,8,9,10,11,12"
10,1703425.22227834,650738.84691976,ABINTRA MONTESSORI SCHOOL,Nashville,"PK,K,1,2,3,4,5,6,7,8"
11,1085882.97122777,346908.8231948,ABUNDANT LIFE CHRISTIAN ACADEMY,Bolivar,"K,1,2,3,4,5,6,7,8,9,10,11,12"
12,916981.74794676,527197.40727984,ABUNDANT LIFE CHRISTIAN SCHOOL,Ripley,
13,1586908.41891752,799011.39842768,ACADEMY FOR ACADEMIC EXCELLENCE,Clarksville,"PK,PS,K,1,2,3,4,5,6,7,8,9,10,11,12"
14,1570395.2475476,800772.91852667,ACADEMY FOR KEENER MINDS,Clarksville,"K,1,2,3,4,5,6,7,8,9,10,11,12"
15,2461014.71499276,444340.72620876,ACHIEVEMENT ACADEMY OF MONROE,Monroe,"K,1,2,3,4,5,6,7,8,9,10"
16,1255974.49584777,335995.47219315,ADAMSVILLE ELEMENTARY,Adamsville,"PK,K,1,2,3,4,5,6"
17,1246458.67173554,333105.22702887,ADAMSVILLE JUNIOR / SENIOR HIGH SCHOOL,Adamsville,"7,8,9,10,11,12"
18,2106758.05342875,654243.90220208,ADAPT PLATEAU MENTAL HEALTH - ENDEAVOR,Cookeville,"7,8,9,10,11,12"
19,2180909.45603404,258992.3252712,ADONAI ACADEMY,Chattanooga,"PK,K,1,2,3,4,5,6,7,8,9,10,11,12"
20,2586647.51129884,637372.53207351,ADRIAN BURNETT ELEMENTARY,Knoxville,"K,1,2,3,4,5"
21,2346447.3171595,339167.34042733,ADVENT HOME LEARNING CENTER,Calhoun,"6,7,8,9,10,11,12"
22,1667508.77412067,464181.26329925,AGATHOS SCHOOL OF COLUMBIA,Columbia,"PK,K,1,2,3,4,5,6,7"
23,778955.41995252,295979.46198301,AIRWAYS MIDDLE SCHOOL,Memphis,"6,7,8"
24,3067966.20833112,833199.95462198,AKARD MEMORIAL ELEMENTARY,Bristol,"K,1,2,3,4,5"
25,1705742.57794035,638243.43986524,AKIVA SCHOOL,Nashville,"K,1,2,3,4,5,6"
26,789032.39737582,309303.82431928,AL-NOOR ISLAMIC SCHOOL,Memphis,
27,1045066.89369163,542560.13456357,ALAMO ELEMENTARY,Alamo,"PK,K,1,2,3,4,5,6"
28,2569171.66829784,537424.46064458,ALCOA ELEMENTARY,Alcoa,"PK,K,1,2,3,4"
29,2567359.88770354,537416.31616077,ALCOA HIGH SCHOOL,Alcoa,"9,10,11,12"
30,2567712.55872209,537776.6579515,ALCOA MIDDLE SCHOOL,Alcoa,"5,6,7,8"
31,770522.25533326,295491.49571844,ALCY ELEMENTARY,Memphis,"K,1,2,3,4,5"
32,766345.21144041,295760.1993816,ALCY S D A SCHOOL,Memphis,"K,1,2,3,4,5,6,7,8"
33,1723355.72250494,699643.75029083,ALEX GREEN ELEMENTARY,Whites Creek,"PK,K,1,2,3,4"
34,1130949.05845868,483372.22543716,ALEXANDER ELEMENTARY,Jackson,"PK,K,1,2,3,4,5,P3,P4"
35,2129916.88079867,671231.94171676,ALGOOD ELEMENTARY,Algood,"K,1,2,3,4"
36,2129894.68607602,664646.82760163,ALGOOD MIDDLE SCHOOL,Cookeville,"K,1,2,3,4,5,6,7,8"
37,2755495.1473562,683427.49934659,ALL SAINTS' EPISCOPAL SCHOOL,Morristown,"K,1,2,3,4,5,6,7,8"
38,2297873.70810129,746593.5662455,ALLARDT ELEMENTARY,Allardt,"K,1,2,3,4,5,6,7,8,P4"
39,2221960.12285567,330661.0034982,ALLEN ELEMENTARY,Soddy Daisy,"K,1,2,3,4,5,P3,P4"
40,1702658.82590948,518807.17482578,ALLENDALE ELEMENTARY SCHOOL,Spring Hill,"K,1,2,3,4,5,6"
41,2161184.6064683,766471.13950298,ALLONS ELEMENTARY,Allons,"K,1,2,3,4,5,6,7,8,P4"
42,2690510.74090794,565238.20291726,ALPHA EDUCATIONAL LEARNING CENTER,Sevierville,"6,7,8,9,10,11,12"
43,2739682.37091093,681664.08620674,ALPHA ELEMENTARY,Morristown,"K,1,2,3,4,5"
44,2186528.97791832,290966.23100457,ALPINE CREST ELEMENTARY,Chattanooga,"K,1,2,3,4,5"
45,759391.49059364,300933.02172586,ALTON ELEMENTARY,Memphis,"PK,K,1,2,3,4,5"
46,820954.80986389,343667.79639759,ALTRURIA ELEMENTARY,Bartlett,"PK,K,1,2,3,4,5"
47,2281650.05186101,759570.18301736,ALVIN C. YORK INSTITUTE,Jamestown,"9,10,11,12"
48,790942.53775535,293889.13177135,AMERICAN WAY MIDDLE,Memphis,"6,7,8"
49,2543320.53794622,604276.71835395,AMHERST ELEMENTARY SCHOOL,Knoxville,"K,1,2,3,4,5,N"
50,1760923.61146299,706888.11812261,AMQUI ELEMENTARY,Madison,"PK,K,1,2,3,4"
51,2530882.83116175,669517.54816392,ANDERSON COUNTY CAREER  TECHNICAL CENTER,Clinton,"10,11,12"
52,2520226.87708002,652465.35293768,ANDERSON COUNTY HEAD START / PRESCHOOL,Clinton,P3
53,2530882.83116175,669520.15216134,ANDERSON COUNTY HIGH SCHOOL,Clinton,"9,10,11,12"
54,996301.88235405,475103.7625513,ANDERSON EARLY CHILDHOOD,Brownsville,"PK,K"
55,3087003.12802664,842127.5040616,ANDERSON ELEMENTARY,Bristol,"K,1,2,3,4,5,6"
56,2548118.44442821,684064.07392869,ANDERSONVILLE ELEMENTARY,Andersonville,"PK,K,1,2,3,4,5"
57,1784766.34833209,691532.91292575,ANDREW JACKSON ELEMENTARY,Old Hickory,"K,1,2,3,4"
58,1125133.32311261,493565.60413676,ANDREW JACKSON ELEMENTARY SCHOOL,Jackson,"K,1,2,3,4,5"
59,1286494.83372228,720799.18182092,ANNABEL ACADEMY,Paris,"4,5,6,7,8,9,10,11"
60,2202221.74113704,247222.17848758,ANNOOR ACADEMY OF CHATTANOOGA,Chattanooga,"K,1,2,3,4,5,6,7,8,9,10,11,12"
61,2528550.20918658,572456.703244,ANNOOR ACADEMY OF KNOXVILLE,Knoxville,"K,1,2,3,4,5"
62,1790548.42067733,623755.53820093,ANTIOCH HIGH SCHOOL,Antioch,"9,10,11,12"
63,1769765.40293391,628017.35577666,ANTIOCH MIDDLE SCHOOL,Antioch,"5,6,7,8"
64,2251024.82684831,243472.92420862,APISON ELEMENTARY SCHOOL,Apison,"K,1,2,3,4,5,P3,P4"
65,1772635.31841728,631817.93732536,APOLLO MIDDLE SCHOOL,Antioch,"5,6,7,8"
66,2548742.36677282,521875.8775877,APOSTOLIC CHRISTIAN ACADEMY,Maryville,"K,1,2,3,4,5,6,7,8,9,10,11,12"
67,2562395.4328346,608252.95743875,APOSTOLIC CHRISTIAN SCHOOL,Knoxville,"K,1,2,3,4,5,6,7,8,9,10,11,12"
68,2969591.46358527,831827.3718376,APOSTOLIC GOSPEL ACADEMY,Kingsport,"K,4,5,6,7,8,9,10,11,12"
69,2999859.6861852,829630.35129727,APPLACHIAN CHRISTIAN SCHOOL,Kingsport,"K,1,2,3,4,5,6,7,8,9,10,11,12"
70,831990.88577659,347235.80263683,APPLING MIDDLE SCHOOL,Bartlett,"6,7,8"
71,757123.76805648,270056.87995222,ARETE CHRISTIAN ACADEMY,Memphis,"1,2,3,4,5,6,7,8,9,10,11,12"
72,873994.94878929,367533.8418276,ARLINGTON ELEMENTARY,Arlington,"K,1,2,3,4,5"
73,1125965.89279996,482971.63755325,ARLINGTON ELEMENTARY SCHOOL,Jackson,"PK,K,1,2,3,4,5,P3,P4"
74,865422.09951973,363600.55299129,ARLINGTON HIGH SCHOOL,Arlington,"9,10,11,12"
75,866347.79803813,363933.70081256,ARLINGTON MIDDLE SCHOOL,Arlington,"6,7,8"
76,2307179.8948565,303305.29616399,ARNOLD,Cleveland,"K,1,2,3,4,5,P4"
77,1753700.37015309,622799.60623131,ARTIOS ACADEMY,Nashville,"K,1,2,3,4,5,6,7,8,9,10"
78,1655246.78481095,707168.88728153,ASHLAND CITY ELEMENTARY,Ashland City,"PK,K,1,2,3,4"
79,3034117.94312786,744382.4305861,ASHLEY ACADEMY,Johnson City,"PK,K,1,2,3,4,5,6,7,8"
80,2383718.43224968,404050.49839042,ATHENS JUNIOR HIGH SCHOOL,Athens,"7,8,9"
81,846332.29738244,417930.14221902,ATOKA ELEMENTARY SCHOOL,Atoka,"K,1,2,3,4,5,P4"
82,1939776.20464757,586808.30677507,AUBURN ELEMENTARY,Auburntown,"K,1,2,3,4,5,6,7,8"
83,1118941.74297608,517323.71311651,AUGUSTINE SCHOOL,Jackson,"PK,K,1,2,3,4,5,6,7,8"
84,2593595.28906992,609707.94731092,AUSTIN EAST HIGH/MAGNET,Knoxville,"9,10,11,12"
85,883682.96227609,428753.11138108,AUSTIN PEAY ELEMENTARY SCHOOL,Covington,"K,1,2,3,4,5,P3,P4"
86,1572107.55470465,806311.66256692,AUSTIN PEAY STATE UNIVERSITY CHILD LEARNING CNTR.,Clarksville,P4
87,2122067.92690325,665737.04376359,AVERY TRACE MIDDLE SCHOOL,Cookeville,"5,6,7,8"
88,3071851.89937809,822142.56134819,AVOCA ELEMENTARY,Bristol,"K,1,2,3,4,5,6"
89,802051.63696313,317132.17176591,AVON LENOX SCHOOL,Memphis,"K,1,2,3,4,5,6,7,8,9,10,11,12"
90,2188118.87102176,262469.74021391,AVONDALE S D A SCHOOL,Chattanooga,"K,1,2,3,4,5,6,7,8"
91,759346.98416691,314158.43747837,B T WASHINGTON HIGH SCHOOL,Memphis,"9,10,11,12"
92,2280386.62128998,289759.47865445,BACHMAN ACADEMY,Mcdonald,"6,7,8,9,10,11,12"
93,1752030.97940851,676324.1405664,BAILEY MIDDLE SCHOOL,Nashville,"5,6,7,8"
94,854015.55727833,283785.48826475,BAILEY STATION ELEMENTARY SCHOOL,Collierville,"K,1,2,3,4,5"
95,2899584.09962526,742985.05671885,BAILEYTON ELEMENTARY,Greeneville,"PK,K,1,2,3,4,5,6,7,8"
96,2524304.24118849,594816.72704243,BALL CAMP ELEMENTARY,Knoxville,"K,1,2,3,4,5"
97,1767444.40381719,671363.08904256,BAMBINI MONTESSORI,Nashville,"PK,PS,K"
98,1078274.75803727,771064.52551576,BAPTIST TEMPLE ACADEMY,Union City,"K,1,2,3,4,5,6,7,8,9,10,11,12"
99,1078274.75803727,771064.52551576,BAPTIST TEMPLE ACADEMY,Union City,"K,1,2,3,4,5,6,7,8,9,10,11,12"
100,818335.88323102,305709.98673851,BARBARA LIPMAN EARLY LRNG. CTR. TEMPLE ISRAEL,Memphis,K
101,1847398.15777953,529881.74607126,BARFIELD ELEMENTARY,Murfreesboro,"PK,K,1,2,3,4,5"
102,2199231.45096456,248474.15355611,BARGER ACADEMY,Chattanooga,"K,1,2,3,4,5"
103,1229251.81828725,518773.00516542,BARGERTON ELEMENTARY,Lexington,"K,1,2,3,4,5,6,7,8,P3,P4"
104,1562721.6920286,838964.10395517,BARKERS MILL ELEMENTARY SCHOOL,Clarksville,"K,1,2,3,4,5"
105,1586789.87227779,796504.1577953,BARKSDALE ELEMENTARY,Clarksville,"PK,K,1,2,3,4,5"
106,859533.09988502,390590.74969475,BARRETS ELEMENTARY SCHOOL,Arlington,"K,1,2,3,4,5"
107,822369.37975718,345197.72436392,BARTLETT BAPTIST PRESCHOOL,Bartlett,"PK,K"
108,814503.15091182,350081.31056529,BARTLETT ELEMENTARY,Bartlett,"PK,K,1,2,3,4,5"
109,811448.17915868,341109.85327459,BARTLETT HIGH SCHOOL,Bartlett,"9,10,11,12"
110,2175703.40362382,256262.00186833,BATTLE ACADEMY FOR TEACHING  LEARNING,Chattanooga,"PK,K,1,2,3,4,5"
111,1713434.44954284,589057.91833327,BATTLE GROUND ACADEMY,Franklin,"K,1,2,3,4,5,6,8,9,10,11,12"
112,1752374.64842425,684531.62657312,BAXTER ALTERNATIVE LEARNING CENTER,Nashville,"7,8,9,10,11,12"
113,2074316.0760154,662018.12818298,BAXTER ELEMENTARY,Baxter,"PK,K,1,2,3,4"
114,2165883.25142161,275392.82505147,BAYLOR SCHOOL,Chattanooga,"6,7,8,9,10,11,12"
115,2899297.62081848,680233.04296993,BEACON SCHOOL,Greeneville,"K,1,2,3,4,5,6,7,8,9,10,11,12,N"
117,2561289.34551595,588749.99561034,BEARDEN ELEMENTARY,Knoxville,"K,1,2,3,4,5"
118,2543747.93273731,584586.37490628,BEARDEN HIGH SCHOOL,Knoxville,"9,10,11,12"
119,2549534.2006831,591888.58826468,BEARDEN MIDDLE SCHOOL,Knoxville,"6,7,8"
120,2577665.4790661,604326.33340227,BEAUMONT ELEMENTARY/MAGNET,Knoxville,"K,1,2,3,4,5"
121,1258372.41415245,531767.95021103,BEAVER ELEMENTARY,Wildersville,"K,1,2,3,4,5,6,7,8,P3,P4"
122,1185915.41808361,471273.7779856,BEECH BLUFF ELEMENTARY,Beech Bluff,"PK,K,1,2,3,4,5,P3,P4"
123,1786899.55975066,742181.88009983,BEECH ELEMENTARY,Hendersonville,"PK,K,1,2,3,4,5"
124,1786683.76476755,742250.5559999,BEECH SR HIGH SCHOOL,Hendersnville,"9,10,11,12"
125,1900005.15982809,373586.73866699,BEL AIRE ELEMENTARY,Tullahoma,"K,1,2,3,4,5"
126,2588804.45172015,607874.45294252,BELLE MORRIS ELEMENTARY,Knoxville,"K,1,2,3,4,5"
127,766367.91925378,315073.92273502,BELLEVUE JUNIOR HIGH SCHOOL,Memphis,"6,7,8"
128,1692340.45252831,634091.14271149,BELLEVUE MIDDLE SCHOOL,Nashville,"5,6,7,8"
129,1050767.55556257,519283.96027127,BELLS ELEMENTARY,Bells,"PK,PS,K,1,2,3,4,5"
130,1744123.55462735,705464.21313007,BELLSHIRE ELEMENTARY DESIGN CENTER,Nashville,"PK,K,1,2,3,4"
131,1853798.03418726,543987.65826496,BELLWOOD CHRISTIAN ACADEMY,Murfreesboro,"K,1,2,3,4,5,6,7,8,9,10,11,12"
132,2194747.29837835,245188.15783803,BELVOIR CHRISTIAN ACADEMY,Chattanooga,"PK,K,1,2,3,4,5,6,7,8"
133,1126969.18492644,465797.31420101,BEMIS ELEMENTARY SCHOOL,Jackson,"K,1,2,3,4,5"
134,767274.14773943,266390.57457346,BENJAMIN L. HOOKS JOB CORPS ACADEMY,Memphis,"9,10,11,12"
135,1837719.63504881,754833.95601575,BENNY C. BILLS ELEMENTARY SCHOOL,Gallatin,"PK,K,1,2,3,4,5"
136,1343956.99144302,640458.43335292,BENTON CO ADULT HIGH SCHOOL,Camden,"9,10,11,12"
137,1345149.54829359,639932.54927203,BENTON COUNTY CAREER / TECHNICAL CENTER,Camden,"9,10,11,12"
138,2371148.82746768,310247.71093075,BENTON ELEMENTARY,Benton,"PK,K,1,2,3,4,5"
139,1705597.88265359,608685.45263674,BENTON HALL SCHOOL,Franklin,"1,2,3,4,5,6,7,8,9,10,11,12"
140,800630.41863952,321773.62872847,BERCLAIR ELEMENTARY,Memphis,"PK,K,1,2,3,4,5,6"
141,2192021.85074858,296243.61098626,BEREAN ACADEMY,Hixson,"PK,K,1,2,3,4,5,6,7,8,9,10,11,12"
142,2591791.0104401,617050.86892721,BEREAN CHRISTIAN SCHOOL,Knoxville,"K,1,2,3,4,5,6,7,8"
143,2223385.87309409,265463.4615199,BESS T SHEPHERD ELEMENTARY,Chattanooga,"K,1,2,3,4,5"
144,2202823.34650319,290785.37516446,BETHEL BIBLE VILLAGE CAMPUS SCHOOL,Hixson,"K,1,2,3,4,5,6,7,8,9,10,11,12"
145,777940.77398006,303213.80976664,BETHEL GROVE ELEMENTARY,Memphis,"PK,K,1,2,3,4,5"
146,1189864.53588104,338798.09235161,BETHEL SPRINGS ELEMENTARY,Bethel Springs,"K,1,2,3,4,5,6,7,8,P4"
147,1731823.00015077,522345.34382127,BETHESDA ELEMENTARY,Thompson Station,"PK,K,1,2,3,4,5"
148,1887317.57628099,789636.00112173,BETHPAGE ELEMENTARY,Bethpage,"K,1,2,3,4,5"
149,1880348.87020043,527711.72723911,BIBLE CHURCH ACADEMY,Murfreesboro,"K,1,2,3,4,5,6,7,8,9,10,11,12"
150,2204174.41788933,291416.92704629,BIG RIDGE ELEMENTARY,Hixson,"K,1,2,3,4,5"
151,2587679.11627104,699853.74562812,BIG RIDGE ELEMENTARY,Maynardville,"K,1,2,3,4,5,N"
152,1353106.91801751,696375.25789983,BIG SANDY SCHOOL,Big Sandy,"K,1,2,3,4,5,6,7,8,9,10,11,12"
153,1552528.47030139,353476.89376346,BILL EGLY S D A ELEMENTARY SCHOOL,Lawrenceburg,"K,1,2,3,4,5,6,7,8"
155,2268799.27644852,375067.2469278,BIRCHWOOD ELEMENTARY,Birchwood,"PK,K,1,2,3,4,5"
156,766744.78267327,274603.92427885,BISHOP BYRNE MIDDLE  HIGH SCHOOL,Memphis,"7,8,9,10,11,12"
157,2290704.54391386,290798.81597398,BLACK FOX ELEMENTARY,Cleveland,"K,1,2,3,4,5,P3,P4"
158,1860108.01195294,539202.24153785,BLACK FOX ELEMENTARY,Murfreesboro,"K,1,2,3,4,5,6"
159,994722.20616345,748577.24437236,BLACK OAK ELEMENTARY,Hornbeak,"K,1,2,3,4,5,6,7,8,P3,P4"
160,1830332.23620278,553581.36468243,BLACKMAN ELEMENTARY SCHOOL,Murfreesboro,"K,1,2,3,4,5"
161,1827856.03052528,555749.73567377,BLACKMAN HIGH SCHOOL,Murfreesboro,"9,10,11,12"
162,1828520.13090311,554295.77499902,BLACKMAN MIDDLE SCHOOL,Murfreesboro,"6,7,8"
163,1742023.90700886,257509.04213232,BLANCHE SCHOOL,Taft,"PK,K,1,2,3,4,5,6,7,8"
164,2201635.22095753,457074.65087209,BLEDSOE COUNTY HIGH SCHOOL,Pikeville,"9,10,11,12"
165,2201128.1908036,456219.71655835,BLEDSOE COUNTY MIDDLE SCHOOL,Pikeville,"6,7,8"
167,3050927.19463756,821734.98907768,BLOUNTVILLE ELEMENTARY,Blountville,"PK,K,1,2,3,4,5"
168,3050264.20876946,821125.03030665,BLOUNTVILLE MIDDLE SCHOOL,Blountville,"6,7,8"
169,2541542.86167894,567405.13755977,BLUE GRASS ELEMENTARY,Knoxville,"K,1,2,3,4,5"
170,2294704.03181,277275.46206931,BLUE SPRINGS ELEMENTARY,Cleveland,"K,1,2,3,4,5,N,P4"
171,766160.51251633,309801.49069458,BLUEBIRD LEARNING CENTER,Memphis,P4
172,3067211.68107411,799573.76836593,BLUFF CITY ELEMENTARY,Bluff City,"K,1,2,3,4,5"
173,3068126.8611604,799300.32360097,BLUFF CITY MIDDLE SCHOOL,Bluff City,"6,7,8"
174,2304328.71717103,295400.59255551,BLYTHE- BOWER ELEMENTARY,Cleveland,"PK,K,1,2,3,4,5"
175,2034954.61173411,494342.23217669,BOBBY RAY MEMORIAL,McMinnville,"K,1,2,3,4,5,P4"
176,838358.04725486,294535.09570251,BODINE SCHOOL,Germantown,"1,2,3,4,5,6,7,8"
177,1072186.95426802,350845.96273934,BOLIVAR CHRISTIAN ACADEMY,Bolivar,"K,1,2,3,4,5,6,7,8,9,10,11,12"
178,1072758.79500733,351742.76254906,BOLIVAR ELEMENTARY,Bolivar,"PK,K,1,2,3,4,5"
179,1072962.86811659,348446.8104061,BOLIVAR MIDDLE SCHOOL,Bolivar,"6,7,8"
180,847005.06266703,383214.47238496,BOLTON HIGH SCHOOL,Arlington,"9,10,11,12"
181,2166448.5731551,586613.18214885,BON DE CROFT ELEMENTARY,Sparta,"PK,K,1,2,3,4,5"
182,835966.93596607,349519.1398003,BON LIN ELEMENTARY SCHOOL,Bartlett,"K,1,2,3,4,5,P3,P4"
183,836060.45831466,348763.32093167,BON LIN MIDDLE SCHOOL,Bartlett,"6,7,8"
184,2590815.82210916,570693.9221383,BONNY KATE ELEMENTARY,Knoxville,"K,1,2,3,4,5"
185,3020311.58848229,760881.3117108,BOONES CREEK ELEMENTARY,Gray,"K,1,2,3,4"
186,3025549.63315046,764825.2751792,BOONES CREEK MIDDLE SCHOOL,Johnson City,"5,6,7,8"
187,1722748.96326726,677559.15097774,BORDEAUX ELEMENTARY ENHANCED OPTION,Nashville,"PK,K,1,2,3,4"
188,1731420.33397655,683036.75021511,BORN AGAIN CHRISTIAN ACADEMY,Nashville,"PK,K,1,2,3"
189,819885.59633894,308559.7943591,BORNBLUM SOLOMON SCHECTER SCHOOL,Memphis,"1,2,3,4,5,6,7,8"
190,2394120.02019593,579389.01735442,BOWERS ELEMENTARY,Harriman,"K,1,2,3,4,5"
191,814252.08628051,294270.12083876,BOWIE READING AND LEARNING CENTER,Memphis,"4,5,6,7,8,9,10,11,12"
192,2311040.87517728,312911.19346468,BOWMAN HILLS S D A SCHOOL,Cleveland,"K,1,2,3,4,5,6,7,8"
193,2203374.27622136,259223.07608149,BOYD-BUCHANAN SCHOOL,Chattanooga,"PK,PS,K,1,2,3,4,5,6,7,8,9,10,11,12"
194,2658542.45235652,590916.60979842,BOYDS CREEK ELEMENTARY SCHOOL,Sevierville,"K,1,2,3,4,5,6,7,8"
195,1137325.4475265,646194.11161115,BRADFORD ELEMENTARY,Bradford,"PK,K,1,2,3,4,5,6"
196,1137325.4475265,646194.11161115,BRADFORD HIGH SCHOOL,Bradford,"7,8,9,10,11,12"
197,1854893.81831311,548008.03429368,BRADLEY ACADEMY - AN ARTS INTEGRATED SCHOOL,Murfreesboro,"K,1,2,3,4,5,6"
198,2300431.36666387,301330.33340428,BRADLEY CENTRAL HIGH SCHOOL,Cleveland,"9,10,11,12,N"
199,2196153.39178951,248301.50292532,BRAINERD BAPTIST SCHOOL,Chattanooga,"PK,K,1,2,3,4,5"
200,2202046.50659782,253775.95416947,BRAINERD HIGH SCHOOL,Chattanooga,"9,10,11,12"
201,1705344.7572053,789837.64121304,BRANSFORD ELEMENTARY,Springfield,"PK,K"
202,793469.65882454,347733.89715526,BREATH OF LIFE CHRISTIAN ACADEMY,Memphis,"PK,K,1,2,3,4,5,6,7,8"
203,1726839.78346328,620056.8229818,BRENTWOOD ACADEMY,Brentwood,"6,7,8,9,10,11,12"
204,1727364.13177192,613585.61376817,BRENTWOOD HIGH SCHOOL,Brentwood,"9,10,11,12,N"
205,1726008.81886576,613862.35009133,BRENTWOOD MIDDLE SCHOOL,Brentwood,"6,7,8,N"
206,853807.85379877,308989.62256797,BRIARCREST CHRISTIAN HIGH SCHOOL,Eads,"9,10,11,12"
207,813767.1593948,304265.73742266,BRIARCREST CHRISTIAN MIDDLE SCHOOL,Memphis,"6,7,8"
208,853971.31970564,325908.97496338,BRIARCREST CHRISTIAN SCHOOL - LEAWOOD CAMPUS,Cordova,"PK,K,1,2,3,P3"
209,813767.1593948,304265.73742266,BRIARCREST CHRISTIAN SCHOOL - MAIN CAMPUS,Memphis,"PK,K,1,2,3,4,5"
210,813767.1593948,304265.73742266,BRIARCREST CHRISTIAN SCHOOL - MEMPHIS EAST CAMPUS  UPPER ELEM,Memphis,"2,3,4,5"
211,813767.1593948,304265.73742266,BRIARCREST CHRISTIAN SCHOOL - MEMPHIS EAST CAMPUS LOWER ELEM,Memphis,"PK,K,1"
212,813767.1593948,304265.73742266,"BRIARCREST CHRISTIAN SCHOOLS, INC.",Memphis,"PK,K,1,2,3,4,5,6,7,8,9,10,11,12"
213,1343957.05253292,640446.59011954,BRIARWOOD SCHOOL,Camden,"3,4,5"
214,2504699.20632096,676309.56246409,BRICEVILLE ELEMENTARY,Briceville,"PK,K,1,2,3,4,5"
215,1737760.72743501,687689.66084318,BRICK CHURCH MIDDLE SCHOOL,Nashville,"5,6,7,8"
216,2567272.09922377,634597.31021951,BRICKEY MCCLOUD ELEMENTARY,Knoxville,"K,1,2,3,4,5"
217,1662912.28593835,320963.10354194,BRIDGEFORTH MIDDLE SCHOOL,Pulaski,"6,7,8"
218,2817962.05550745,600431.62232218,BRIDGEPORT ELEMENTARY,Newport,"K,1,2,3,4,5,6,7,8"
219,1654741.60214853,308934.93271642,BRIGHT BEGINNINGS CHRISTIAN PRESCHOOL,Pulaski,"PK,K,1,2,3,4,5"
220,2180386.30969247,274118.97799536,BRIGHT SCHOOL,Chattanooga,"PK,PS,K,1,2,3,4,5"
221,856302.30203114,438522.66890263,BRIGHTON ELEMENTARY,Brighton,"PK,K,1,2,3,4,5"
222,853221.12809294,438102.62090285,BRIGHTON HIGH SCHOOL,Brighton,"9,10,11,12"
223,854378.7347016,439554.30336692,BRIGHTON MIDDLE SCHOOL,Brighton,"6,7,8"
224,787858.89320421,326384.12611083,BRINKLEY HEIGHTS URBAN ACADEMY,Memphis,"PK,K,1,2,3,4"
225,1910621.14147802,310235.27552961,BROADVIEW ELEMENTARY,Winchester,"PK,K,1,2,3,4,5"
226,780797.18107761,349978.29354293,BROOKMEADE ELEMENTARY,Memphis,"PK,K,1,2,3,4,5,6"
227,2994413.720043,834086.46508842,BROOKSIDE ELEMENTARY,Kingsport,"PK,K,1,2,3,4"
228,2428046.72940776,464424.39492648,BROWN INTERMEDIATE SCHOOL,Sweetwater,"5,6"
229,2248916.34255344,311277.17067338,BROWN MIDDLE SCHOOL,Harrison,"6,7,8"
230,1814065.66229385,571189.99041314,BROWN'S CHAPEL ELEMENTARY SCHOOL,Murfreesboro,"K,1,2,3,4,5,P3,P4"
231,807955.15891376,348415.18380825,BROWNSVILLE RD ELEMENTARY,Memphis,"K,1,2,3,4,5"
232,766444.01721527,315021.84272482,BRUCE ELEMENTARY,Memphis,"PK,K,1,2,3,4,5"
233,817952.49129453,287166.28227635,BRUCE INSTITUTE OF HIGHER LEARNING,Memphis,"PK,K,1,2,3,4,5,6,7"
234,840499.60141989,338993.4718713,BRUNSWICK DAY SCHOOL / CHARTER LAKESIDE,Memphis,"K,1,2,3,4,5,6,7,8,9,10,11,12"
235,1868859.44363301,519011.5879545,BUCHANAN ELEMENTARY,Murfreesboro,"K,1,2,3,4,5,6,7,8"
236,1733223.50893606,672179.95340335,BUENA VISTA ELEMENTARY ENHANCED OPTION,Nashville,"PK,K,1,2,3,4"
237,2827909.73546636,714812.39359769,BULLS GAP SCHOOL,Bulls Gap,"K,1,2,3,4,5,6,7,8"
238,2399722.79947773,793118.70065623,BURCHFIELD ELEMENTARY,Oneida,"PK,K,1,2,3,4,5,6,7,8"
239,2186765.27858461,657712.65871602,BURKS MIDDLE SCHOOL,Monterey,"4,5,6,7,8,P4"
240,1571397.2303068,804679.37450924,BURT ELEMENTARY,Clarksville,"4,5"
241,1874821.92044223,681641.77465422,BYARS DOWDY ELEMENTARY,Lebanon,"PK,K,1,2,3,4"
242,2522848.43581328,600435.91992327,BYINGTON SOLWAY CAREER AND TECHNICAL EDUCATION CENTER,Knoxville,"9,10,11,12"
243,1563374.58237027,809750.87418241,BYRNS L DARDEN ELEMENTARY,Clarksville,"PK,K,1,2,3,4,5"
244,2960611.01335248,794650.77456061,C C S ADOLESCENT TREATMENT CENTER,Kingsport,"6,7,8,9,10,11,12,N"
245,2900825.77992269,676255.78140659,C HAL HENARD ELEMENTARY,Greeneville,"PK,K,1,2,3,4,5"
246,1741380.94499264,672779.30934101,CALDWELL ENHANCED OPTION,Nashville,"PK,PS,K,1,2,3,4"
247,789007.22120366,329513.25053153,CALDWELL-GUTHRIE ELEMENTARY,Memphis,"K,1,2,3,4,5"
248,2343215.91563456,351525.75681954,CALHOUN ELEMENTARY,Calhoun,"K,1,2,3,4,5,6,7,8,P3,P4"
249,816979.55809202,278653.07732933,CALVARY BAPTIST ACADEMY,Memphis,"K,1,2,3,4,5,6,7,8,9,10,11,12"
250,1658864.81687557,465045.76332216,CALVARY BAPTIST ACADEMY,Columbia,"1,2,3,4,5,6,7,8,9,10,11,12"
251,2252625.63065912,412048.27143162,"CALVARY BAPTIST SCHOOL, DAYTON",Dayton,"K,1,2,3,4,5,6,7,8,9,10,11"
252,2409635.72957939,566122.5167129,"CALVARY BAPTIST SCHOOL, KINGSTON",Kingston,"K,1,2,3,4,5,6,7,8,9,10,11,12"
253,2501384.56558181,724038.46656004,CALVARY CHRISTIAN ACADEMY,Jacksboro,"PK,K,1,2,3,4,5,6,7,8,9,10,11,12"
254,2033034.27764827,495142.37263676,CALVARY CHRISTIAN SCHOOL,Mc Minnville,"K,1,2,3,4,5,6,7,8,9,10,11,12"
255,2197808.74354014,246172.87723414,"CALVARY CHRISTIAN SCHOOL, CHATTANOOGA",Chattanooga,"PK,K,1,2,3,4,5,6,7,8,9,10,11,12"
256,3026107.23113094,767786.30405385,CALVARY LIFE ACADEMY CHURCH FAMILY SCHOOL,Johnson City,"K,1,2,3,4,5,6,7,8,9,10,11,12"
257,2172260.34051307,247196.34318105,CALVIN DONALDSON ENVIRONMENTAL SCIENCE ACADEMY,Chattanooga,"PK,K,1,2,3,4,5"
258,1345054.73133001,639935.82078591,CAMDEN CENTRAL HIGH SCHOOL,Camden,"9,10,11,12"
259,1348483.09590036,638632.96131119,CAMDEN ELEMENTARY,Camden,"PK,K,1,2"
260,1344958.69192892,639936.35864095,CAMDEN JR HIGH SCHOOL,Camden,"6,7,8"
261,1346728.62773257,633784.4874989,CAMDEN UNITED CHRISTIAN ACADEMY,Camden,"K,1,2,3,4,5,6,7,8,9,10,11,12"
262,1743470.41427731,660163.61855746,CAMERON MIDDLE SCHOOL,Nashville,"5,6,7,8"
263,2924670.23863633,644899.29754388,CAMP CREEK ELEMENTARY,Greeneville,"K,1,2,3,4,5,6,7,8,P4"
264,2525338.54303777,748955.14880284,CAMPBELL CO ADULT HIGH SCHOOL,Lafollette,"9,10,11,12"
265,2513931.57569426,739593.86536009,CAMPBELL COUNTY COMPREHENSIVE HIGH SCHOOL,Jacksboro,"9,10,11,12"
267,813826.53618401,324752.30750996,CAMPUS KIDS CORNER,Memphis,"P3,P4"
268,792251.97147219,308968.59753397,CAMPUS SCHOOL,Memphis,"1,2,3,4,5,6"
269,2107205.66276978,666530.07612052,CANE CREEK ELEMENTARY,Cookeville,"PK,K,1,2,3,4"
270,1767220.59292713,615490.68315402,CANE RIDGE HIGH SCHOOL,Antioch,"9,10,11,12"
271,1950828.87976363,542060.32106443,CANNON COUNTY HIGH SCHOOL,Woodbury,"9,10,11,12"
272,2117442.09269882,665139.95506296,CAPSHAW ELEMENTARY,Cookeville,"PK,K,1,2,3,4"
273,764535.08269633,322371.40879617,CARNES ELEMENTARY,Memphis,"PK,K,1,2,3,4,5"
274,2554600.38448116,495213.83704478,CARPENTERS ELEMENTARY SCHOOL,Maryville,"PK,K,1,2,3,4,5"
275,2552997.81194387,495234.89617639,CARPENTERS MIDDLE SCHOOL,Maryville,"6,7,8"
276,1256410.81558416,624035.64128295,CARROLL ACADEMY,Hutingdon,"6,7,8,9,10,11,12"
277,1263445.81518786,617528.21119794,CARROLL CO TECH CENTER,Huntingdon,"10,11,12"
278,1247385.02100556,622481.06327972,CARROLL COUNTY SPECIAL LEARNING CENTER,Huntingdon,N
279,1886822.09712788,707698.89321079,CARROLL OAKLAND ELEMENTARY,Lebanon,"K,1,2,3,4,5,6,7,8,P3,P4"
280,2643907.24487625,623928.81421034,CARTER ELEMENTARY,Strawberry Plains,"K,1,2,3,4,5"
281,2643279.28484611,624219.86349701,CARTER HIGH SCHOOL,Strawberry Plains,"9,10,11,12"
282,1736330.67271271,660330.18431175,CARTER LAWRENCE ELEMENTARY MAGNET,Nashville,"PK,K,1,2,3,4"
283,2643418.1192141,623750.76174493,CARTER MIDDLE SCHOOL,Strawberry Plains,"6,7,8"
284,2934091.3207965,825786.49727928,CARTER'S VALLEY ELEMENTARY,Church Hill,"PK,K,1,2,3,4"
285,1986161.17126344,698292.06771451,CARTHAGE ELEMENTARY,Carthage,"PK,K,1,2,3,4"
286,751989.65109436,305735.10939168,CARVER HIGH SCHOOL,Memphis,"9,10,11,12"
287,2493229.73684867,720335.446856,CARYVILLE ELEMENTARY,Caryville,"PK,K,1,2,3,4,5"
288,1687209.2884982,636810.72744277,CASA DEI MONTESSORI,Nashville,"PK,K,1,2,3,4,5"
289,1861932.70295812,450084.7447352,CASCADE ELEMENTARY,Wartrace,"K,1,2,3,4,5,P3,P4"
290,1861787.64048342,449250.87879,CASCADE SCHOOL,Wartrace,"6,7,8,9,10,11,12"
291,1836695.49545784,543167.77068024,CASON LANE ACADEMY,Murfreesboro,"K,1,2,3,4,5,6"
292,2086913.84278919,591097.38052952,CASSVILLE ELEMENTARY,Sparta,"PK,K,1,2,3,4,5"
293,1881235.29655455,688803.59382434,CASTLE HGHTS UPPER ELEMENTARY,Lebanon,"5,6,N"
294,2686400.18449652,582416.80537101,CATLETTSBURG ELEMENTARY SCHOOL,Sevierville,"K,1,2,3,4,5,6,7,8"
295,2722855.25055589,544302.96672844,CATONS CHAPEL ELEMENTARY,Sevierville,"PK,K,1,2,3,4,5,6,7,8"
296,2229365.82059021,451688.02859111,CECIL B RIGSBY ELEMENTARY,Pikeville,"PK,K,1,2,3,4,5"
297,2531734.59258162,587373.2524791,CEDAR BLUFF ELEMENTARY,Knoxville,"PK,K,1,2,3,4,5"
298,2531821.25743453,587678.01761759,CEDAR BLUFF MIDDLE SCHOOL,Knoxville,"6,7,8"
299,2987851.939252,832984.50360738,CEDAR GROVE ELEMENTARY,Kingsport,"PK,K,1,2,3,4"
300,1802079.62648272,598858.83873904,CEDAR GROVE ELEMENTARY,Smyrna,"PK,K,1,2,3,4,5"
301,1860892.12808201,557521.00154732,CEDAR GROVE SCHOOL,Murfreesboro,N
302,1829968.52105093,499430.96806217,CEDAR HALL SCHOOL,Christiana,"K,1,2,3,4,5,6,7,8,9,10,11,12"
303,2536039.02965517,580314.93991205,CEDAR SPRINGS WEEKDAY SCHOOL/1ST COOP,Knoxville,"PK,K"
304,2973265.89597169,838527.40325133,CEDAR VIEW CHRISTIAN SCHOOL,Kingsport,"PK,K,1,2,3,4,5,6,7,8,9,10,11,12"
306,2062488.28152944,435539.23183795,CEDARS OF LEBANON ACADEMY,McMinnville,"K,1,2,3,4,5,6,7,8,9,10,11,12"
307,2062488.28152944,435539.23183795,CEDARS OF LEBANON ACADEMY,Mc Minnville,"K,1,2,3,4,5,6,7,8,9,10,11,12"
308,1880070.5537207,682722.62838101,CEDARS PREPARATORY ACADEMY,Lebanon,"PK,K,1,2,3"
309,2113194.72100161,803338.16536468,CELINA K-8,Celina,"PK,K,1,2,3,4,5,6,7,8"
310,1552250.7995017,642668.05182928,CENTENNIAL ELEMENTARY,Dickson,"PK,K,1,2,3,4,5"
311,1725020.04886167,582241.94023516,CENTENNIAL HIGH SCHOOL,Franklin,"9,10,11,12,N"
312,2000330.89718901,500014.12765701,CENTERTOWN ELEMENTARY,McMinnville,"K,1,2,3,4,5,6,7,8,P4"
313,2805954.79296813,649833.5159141,CENTERVIEW ELEMENTARY,Newport,"K,1,2,3,4,5,6,7,8,P4"
314,1533017.01587376,531548.10855217,CENTERVILLE ELEMENTARY,Centerville,"PK,K,1,2"
315,1532386.8074885,531571.54616934,CENTERVILLE INTERMEDIATE SCHOOL,Centerville,"3,4,5"
316,3042517.99087871,743069.73280181,CENTRAL BAPTIST CHURCH KINDERGARTEN EARLY EDUCATION PROGRAM,Johnson City,K
317,808864.87424953,332960.63522975,CENTRAL BAPTIST SCHOOL,Memphis,"K,1,2,3,4,5,6,7,8,9,10,11,12"
318,852230.59985453,280958.0048627,CENTRAL DAY SCHOOL,Collierville,"K,1,2,3,4,5,6,7,8"
319,1299608.278952,626739.82991375,CENTRAL ELEMENTARY,Bruceton,"PK,K,1,2,3,4,5"
320,3057257.8861666,734030.07048319,CENTRAL ELEMENTARY,Johnson City,"K,1,2,3,4,5,6,7,8"
321,2388505.68621994,647311.64561804,CENTRAL ELEMENTARY,Wartburg,"PK,K,1,2,3,4,5"
322,1958769.27165103,800035.14113085,CENTRAL ELEMENTARY,Lafayette,"2,3"
323,3089608.20585116,842034.63619372,CENTRAL ELEMENTARY,Bristol,"PK,K,1,2,3,4,5,6"
324,967318.64421999,335701.75632335,CENTRAL ELEMENTARY,Somerville,"PK,K,1,2,3,4,5,6"
325,3036850.47734448,837290.09909946,CENTRAL HEIGHTS ELEMENTARY,Blountville,"K,1,2,3,4,5"
326,2582956.3544613,628200.40762073,CENTRAL HIGH SCHOOL,Knoxville,"9,10,11,12"
327,1073335.91472751,350848.99040307,CENTRAL HIGH SCHOOL,Bolivar,"9,10,11,12"
328,1844017.1391056,421131.40768925,CENTRAL HIGH SCHOOL,Shelbyville,"9,10,11,12"
329,766770.17533902,316084.02668593,CENTRAL HIGH SCHOOL,Memphis,"9,10,11,12"
330,1299925.11919759,626787.5729285,CENTRAL HIGH SCHOOL,Bruceton,"6,7,8,9,10,11,12"
331,2414613.03778318,383523.23399883,CENTRAL HIGH SCHOOL,Englewood,"9,10,11,12"
332,2386523.42527877,647431.57484729,CENTRAL HIGH SCHOOL,Wartburg,"9,10,11,12"
333,2226286.91481761,284311.62770319,CENTRAL HIGH SCHOOL,Harrison,"9,10,11,12"
334,1856192.8629591,550754.9910701,CENTRAL MAGNET SCHOOL,Murfreesboroa,"6,7,8,9,10,11,12"
335,2398868.63499278,642796.6388295,CENTRAL MIDDLE SCHOOL,Wartburg,"6,7,8"
336,2088482.84555669,562882.92252285,CENTRAL VIEW ELEMENTARY,Walling,"K,1,2,3,4,5"
337,1749756.11527841,701123.8896164,CHADWELL ELEMENTARY,Madison,"K,1,2,3,4,P3,P4"
338,2079520.27668761,678889.23091463,CHANCE TRANSITIONAL SCHOOL/CHANCE GIRLS RESIDENTIAL CENTER,Bloomington Springs,"7,8,9,10,11,12"
339,1761669.42243155,469994.57346098,CHAPEL HILL ELEMENTARY,Chapel Hill,"K,1,2,3,4,5"
340,1709508.01529725,517777.75992796,CHAPMAN'S RETREAT ELEMENTARY,Spring Hill,"K,1,2,3,4,5"
341,777262.8490086,298491.43623254,CHARJEAN ELEMENTARY,Memphis,"K,1,2,3,4,5"
342,2338398.904559,348086.43821966,CHARLESTON ELEMENTARY,Charleston,"K,1,2,3,4,5,P3,P4"
343,1572469.20508174,675673.02418587,CHARLOTTE ELEMENTARY,Charlotte,"PK,K,1,2,3,4,5"
344,1572495.9133798,675868.02338975,CHARLOTTE MIDDLE SCHOOL,Charlotte,"6,7,8"
345,1707765.44500186,663221.76455272,CHARLOTTE PARK ELEMENTARY,Nashville,"K,1,2,3,4,P3,P4"
346,2177336.0065059,271742.30581304,CHATT HIGH CENTER FOR CREATIVE ARTS,Chattanooga,"6,7,8,9,10,11,12"
347,2171506.85208051,248350.68315026,CHATTANOOGA CHRISTIAN SCHOOL,Chattanooga,"K,1,2,3,4,5,6,7,8,9,10,11,12"
348,2172646.17612107,259442.52050353,CHATTANOOGA GIRLS LEADERSHIP ACADEMY,Chattanooga,"6,7,8,9"
349,2179646.94389795,261499.29831167,CHATTANOOGA SCHOOL FOR ARTS AND SCIENCES CSAS UPPER,Chattanooga,"6,7,8,9,10,11,12"
350,2179646.94389795,261499.29831167,CHATTANOOGA SCHOOL FOR THE ARTS AND SCIENCE CSAS LOWER,Chattanooga,"K,1,2,3,4,5"
351,2211137.9045367,250624.15738193,CHATTANOOGA SCHOOL FOR THE LIBERAL ARTS,Chattanooga,"K,1,2,3,4,5,6,7,8"
352,2197208.43000579,278476.39482235,CHATTANOOGA STATE MID COLLEGE HIGH SCHOOL,Chattanooga,"10,11,12"
353,1655283.14389993,707506.21159474,CHEATHAM CO ADULT HIGH SCHOOL,Ashland City,"9,10,11,12"
354,1646659.37044187,719545.84946953,CHEATHAM CO CENTRAL,Ashland City,"9,10,11,12"
355,1651710.69999681,719617.71751142,CHEATHAM MIDDLE SCHOOL,Ashland City,"5,6,7,8"
356,1708254.04639382,794919.26846818,CHEATHAM PARK ELEMENTARY,Springfield,"1,2,3,4,5"
357,3035367.44865202,728503.50631336,CHEROKEE ELEMENTARY,Johnson City,"K,1,2,3,4,5,P4"
358,784060.9068336,301027.33731119,CHEROKEE ELEMENTARY,Memphis,"K,1,2,3,4,5,P4"
359,2843979.33239758,766845.77255224,CHEROKEE HIGH SCHOOL,Rogersville,"9,10,11,12"
360,2413505.35211842,558737.96914249,CHEROKEE MIDDLE SCHOOL,Kingston,"6,7,8"
361,1185764.77730878,413646.96738643,CHESTER COUNTY HIGH SCHOOL,Henderson,"9,10,11,12"
362,1189183.14415969,414797.39126668,CHESTER COUNTY JUNIOR HIGH SCHOOL,Henderson,"7,8"
363,1186611.38060245,414045.06304693,CHESTER COUNTY MIDDLE SCHOOL,Henderson,"4,5,6"
364,743676.68360265,281997.79723358,CHICKASAW JUNIOR HIGH SCHOOL ,Memphis,"7,8"
365,1732285.78890288,649262.10962704,"CHILDREN FIRST, A MONTESSORI COMMUNITY",Nashville,K
366,1732330.1957897,649367.82415181,CHILDREN'S HOUSE OF NASHVILLE MONTESSORI,Nashville,"PK,K"
367,2604060.36984578,616170.4665381,CHILHOWEE INTERMEDIATE,Knoxville,"3,4,5"
368,2371338.93174626,310854.48169884,CHILHOWEE MIDDLE SCHOOL,Benton,"6,7,8"
369,840258.18726592,329404.86068165,CHIMNEYROCK ELEMENTARY SCHOOL,Cordova,"K,1,2,3,4,5"
370,971548.8566067,643720.15673102,CHRIST CLASSICAL ACADEMY,Dyersburg,"PK,K,1,2,3,4,5,6,7,8"
372,798807.33140891,309721.653912,CHRIST METHODIST DAY SCHOOL,Memphis,"PK,PS,K,1,2,3,4,5,6"
373,1708995.38985817,626242.31222024,CHRIST PRESBYTERIAN ACADEMY,Nashville,"K,1,2,3,4,5,6,7,8,9,10,11,12"
374,806549.51950539,303725.87317871,CHRIST THE KING LUTHERAN SCHOOL,Memphis,"PK,K,1,2,3,4,5,6,7,8"
375,1733315.34477138,650855.86529846,CHRIST THE KING SCHOOL,Nashville,"K,1,2,3,4,5,6,7,8"
376,840648.48495974,281835.44222363,CHRIST THE ROCK CHRISTIAN ACADEMY,Memphis,"PK,K,1,2,3,4,5,6,7,8"
377,2369582.10735022,428831.50946247,CHRIST'S LEGACY ACADEMY,Athens,"K,1,2,3,4,5,6,7,8"
378,2580715.70147686,611165.33842731,CHRISTENBERRY ELEMENTARY,Knoxville,"K,1,2,3,4,5"
379,2537016.85535315,759883.7303278,CHRISTIAN ACADEMY OF CAMPBELL COUNTY,Lafollette,"PK,K,1,2,3,4,5,6,7,8"
380,2529779.9767402,584403.17344552,CHRISTIAN ACADEMY OF KNOXVILLE,Knoxville,"PK,K,1,2,3,4,5,6,7,8,9,10,11,12"
381,2257529.45398511,591483.75770951,CHRISTIAN ACADEMY OF THE CUMBERLANDS COVENANT ACD.  MERIDIAN CHRISTIAN ACD.,Crossville,"PK,PS,K,1,2,3,4,5,6,7,8,9"
382,817232.58191876,314560.71738798,CHRISTIAN BROTHERS HIGH SCHOOL,Memphis,"9,10,11,12"
383,1824156.00717056,417228.69815378,CHRISTIAN CHAPEL ACADEMY,Shelbyville,"K,1,2,3,4,5,6,7,8,9,10,11,12"
384,1768017.62723644,776616.26080335,CHRISTIAN COMMUNITY SCHOOL,White House,"9,10,11,12"
387,2993708.80943418,826388.62685709,CHRISTIAN LIFE ACADEMY,Kingsport,"K,1,2,3,4,5,6,7,8,9,10,11,12"
388,1183579.85057628,414980.41189801,CHRISTIAN LIFE ACADEMY,Henderson,"K,1,2,3,4,5,6,7,8,9,10,11,12"
389,2494150.84410099,624975.48796656,CHRISTIAN OUTREACH ACADEMY,Oak Ridge,"K,1,2,3,4,5,6,7,8,9,10,11,12"
390,1846250.42643254,508472.48866546,CHRISTIANA ELEMENTARY,Christiana,"PK,K,1,2,3,4,5"
391,1847517.26187201,509634.42567358,CHRISTIANA MIDDLE SCHOOL,Christiana,"6,7,8"
392,2932052.30220525,689499.66103475,CHUCKEY DOAK HIGH SCHOOL,Afton,"9,10,11,12"
393,2932614.73295496,691180.02435916,CHUCKEY DOAK MIDDLE SCHOOL,Afton,"6,7,8"
394,2943000.32983572,701257.72726504,CHUCKEY ELEMENTARY,Chuckey,"PK,K,1,2,3,4,5"
395,2937600.30911397,814409.30900839,CHURCH HILL ELEMENTARY,Church Hill,"PK,K,1,2,3,4"
396,2853334.12167354,771956.09749027,CHURCH HILL INTERMEDIATE SCHOOL,Church Hill,"5,6"
397,2935206.14915395,813876.86180692,CHURCH HILL MIDDLE SCHOOL,Church Hill,"7,8"
398,762352.15169476,306888.03621967,CIRCLES OF SUCCESS LEARNING ACADEMY,Memphis,"K,1,2,3,4,5"
399,2385002.61045559,404142.21966368,CITY PARK ELEMENTARY,Athens,"K,1,2,3"
400,768676.20938974,301022.90810687,CITY UNIVERSITY BOYS PREPARATORY,Memphis,"6,7,8"
401,768245.77619571,301052.74444746,CITY UNIVERSITY SCHOOL OF LIBERAL ARTS,Memphis,"9,10,11,12"
402,2683349.59315677,781099.71771568,CLAIBORNE ADULT HIGH SCHOOL,Tazewell,"9,10,11,12"
403,2681365.60344232,774500.40315258,CLAIBORNE HIGH SCHOOL,New Tazewell,"9,10,11,12"
404,2577256.09482457,820260.72501073,CLAIRFIELD ELEMENTARY,Clairfield,"K,1,2,3,4,5,6,7,8"
405,1934024.51516208,311993.57107058,CLARK MEMORIAL SCHOOL,Winchester,"PK,K,1,2,3,4,5"
406,2261611.67420174,695119.05854199,CLARKRANGE HIGH SCHOOL,Clarkrange,"9,10,11,12"
407,1260401.76705724,568403.81674422,CLARKSBURG SCHOOL,Clarksburg,"PK,K,1,2,3,4,5,6,7,8,9,10,11,12,N"
408,1568460.99155645,804617.55657559,CLARKSVILLE ACADEMY,Clarksville,"PK,PS,K,1,2,3,4,5,6,7,8,9,10,11,12"
409,1597940.06844211,796410.53453493,CLARKSVILLE CHRISTIAN SCHOOL,Clarksville,"PK,K,1,2,3,4,5,6,7,8"
410,1592147.23347067,794094.49627327,CLARKSVILLE HIGH SCHOOL,Clarksville,"9,10,11,12"
411,1574018.82953927,800050.9747606,CLARKSVILLE MONTESSORI CHILDREN'S HOUSE,Clarksville,"PK,K"
412,2526638.33721275,627887.14475536,CLAXTON ELEMENTARY,Powell,"PK,K,1,2,3,4,5"
413,2113574.12870736,806097.25105385,CLAY CO ADULT HIGH SCHOOL,Celina,"9,10,11,12"
414,2109730.51459678,810125.1300334,CLAY COUNTY HIGH SCHOOL,Celina,"9,10,11,12"
415,2303560.09697292,301070.33409391,CLEVELAND CHRISTIAN SCHOOL,Cleveland,"K,1,2,3,4,5,6,7,8,9,10,11,12"
416,2306913.87747454,314869.85218884,CLEVELAND HIGH SCHOOL,Cleveland,"9,10,11,12"
417,2299741.50013828,319336.40830451,CLEVELAND MIDDLE SCHOOL,Cleveland,"6,7,8"
418,2184208.24300124,245190.26370858,CLIFTON HILLS ELEMENTARY,Chattanooga,"PK,K,1,2,3,4,5"
419,2822189.98080221,795772.44970474,CLINCH SCHOOL,Eidson,"K,1,2,3,4,5,6,7,8,9,10,11,12"
420,2519537.78889127,649223.21375268,CLINTON ELEMENTARY,Clinton,"PK,K,1,2,3,4,5,6"
421,2516588.57165075,646678.06191217,CLINTON HIGH SCHOOL,Clinton,"9,10,11,12"
422,2519234.51521961,648723.04382127,CLINTON MIDDLE SCHOOL,Clinton,"6,7,8"
423,3131921.01930442,700578.92618505,CLOUDLAND ELEMENTARY SCHOOL,Roan Mountain,"K,1,2,3,4,5,6"
424,3130789.50824528,700513.79148022,CLOUDLAND HIGH SCHOOL,Roan Mountain,"7,8,9,10,11,12"
425,1821990.07703412,807045.60873718,CLYDE RIGGS ELEMENTARY,Portland,"K,1,2,3,4,5"
426,2435408.96896026,620461.60329701,COALFIELD SCHOOL,Coalfield,"PK,K,1,2,3,4,5,6,7,8,9,10,11,12"
427,2058995.58963783,389993.27808733,COALMONT ELEMENTARY,Coalmont,"PK,K,1,2,3,4,5,6,7,8"
428,2797118.53373483,604904.91420051,COCKE CO ADULT HIGH SCHOOL,Newport,"9,10,11,12"
429,2797832.93997702,605161.10305818,COCKE CO HIGH SCHOOL,Newport,"9,10,11,12"
430,1719042.33956966,664749.13352761,COCKRILL ELEMENTARY,Nashville,"PK,K,1,2,3,4,5"
431,1939669.96693806,405712.66958265,COFFEE COUNTY CENTRAL HIGH SCHOOL,Manchester,"9,10,11,12"
432,1944865.77399416,416601.88118185,COFFEE COUNTY KOSS CENTER,Manchester,"7,8,9,10,11,12"
433,1947013.74490772,421862.88269434,COFFEE COUNTY MIDDLE SCHOOL,Manchester,"6,7,8"
434,1719110.09042962,662686.84792866,COHN ADULT HIGH SCHOOL,Nashville,"9,10,11,12"
435,1719110.09042962,662686.84792866,COHN ALTERNATIVE LEARNING CENTER,Nashville,"9,10,11,12"
436,2477658.48804411,340936.512968,COKER CREEK ELEMENTARY,Tellico Plains,"K,1,2,3,4,5,6,7,8"
437,1761939.91540313,628721.96613496,COLE ELEMENTARY,Antioch,"K,1,2,3,4,P3,P4"
438,796574.36085297,343720.40741309,COLEMAN ELEMENTARY,Memphis,"PK,K,1,2,3,4,5"
439,1881355.18148101,686133.37930121,COLES FERRY ELEMENTARY,Lebanon,"PK,K,1,2,3,4,N"
440,1766792.50337434,531095.07599367,COLLEGE GROVE ELEMENTARY,College Grove,"PK,K,1,2,3,4,5"
441,1944031.4159562,417181.79758709,COLLEGE STREET ELEMENTARY,Manchester,"PK,K,1,2,3,4,5,6"
442,2253826.11395083,260140.654649,COLLEGEDALE S D A ACADEMY,Collegedale,"9,10,11,12"
443,871015.22191088,286931.38933971,COLLIERVILLE ELEMENTARY,Collierville,"K,1,2,3,4,5"
444,863965.1123688,267753.73815492,COLLIERVILLE HIGH SCHOOL,Collierville,"9,10,11,12"
445,870740.29800394,279401.97721514,COLLIERVILLE MIDDLE SCHOOL,Collierville,"6,7,8"
446,1448644.07113376,312278.88145149,COLLINWOOD ELEMENTARY,Collinwood,"PK,K,1,2,3,4"
447,1448779.56462554,311564.76331118,COLLINWOOD HIGH SCHOOL,Collinwood,"9,10,11,12"
448,1448792.10736691,311376.75156718,COLLINWOOD MIDDLE SCHOOL,Collinwood,"5,6,7,8"
449,2996917.93220116,798608.83442308,COLONIAL HEIGHTS MIDDLE,Kingsport,"6,7,8"
450,801252.20269797,299843.8827208,COLONIAL MIDDLE SCHOOL,Memphis,"6,7,8"
451,1653362.02780794,467690.79794685,COLUMBIA ACADEMY,Columbia,"K,1,2,3,4,5,6,7,8,9,10,11,12"
452,1647473.48282653,468308.02243419,COLUMBIA CENTRAL HIGH SCHOOL,Columbia,"9,10,11,12"
453,1669249.97416472,457005.73509018,COLUMBIA CHRISTIAN ACADEMY,Columbia,"K,1,2,3,4,5,6,7,8,9,10,11,12"
454,2463533.37366934,622250.44256709,COMMUNITY BAPTIST ACADEMY OF GRACE  KNOWLEDGE,Oliver Springs,"K,1,2,3,4,5,6,7,8,9,10,11,12"
455,1812374.95639636,732151.63788571,COMMUNITY CHRISTIAN ACADEMY,Gallatin,"PS,K"
456,1795020.72238796,466491.88958067,COMMUNITY ELEMENTARY,Unionville,"K,1,2,3,4,5,P4"
457,1798862.30504826,464576.8067995,COMMUNITY HIGH SCHOOL,Unionville,"9,10,11,12"
458,1795950.84663235,466008.05688975,COMMUNITY MIDDLE SCHOOL,Unionville,"6,7,8"
459,831507.99861902,277560.89638327,COMPASS ACADEMY - SHELBY CO.,Memphis,"1,2,3,4,5,6,7,8,9,10,11,12"
460,803436.59046749,313451.90528454,CONCORD ACADEMY,Memphis,"6,7,8,9,10,11,12"
461,2510588.6459131,566892.91599587,CONCORD CHRISTIAN SCHOOL,Knoxville,"K,1,2,3,4,5,6,7,8,9"
462,2130473.70875327,683003.33812142,COOKEVILLE CHRISTIAN ELEMENTARY SCHOOL,Algood,"K,1,2,3,4,5,6,7,8"
463,2118324.67156453,677010.54934459,COOKEVILLE HIGH SCHOOL,Cookeville,"9,10,11,12,P3,P4"
464,1682720.95792461,767315.5214018,COOPERTOWN ELEMENTARY,Springfield,"K,1,2,3"
465,1683949.52415432,768666.31329036,COOPERTOWN MIDDLE SCHOOL,Springfield,"4,5,6,7,8"
466,2451181.22042238,254835.69882737,COPPER BASIN ELEMENTARY SCHOOL,Copperhill,"PK,K,1,2,3,4,5,6"
467,2451231.24511996,254841.87495002,COPPER BASIN HIGH SCHOOL,Copperhill,"7,8,9,10,11,12"
468,2560750.99631222,649112.67689315,COPPER RIDGE ELEMENTARY,Powell,"K,1,2,3,4,5"
469,1751776.34504445,676357.44384502,CORA HOWE SCHOOL,Nashville,"K,1,2,3,4,5,6,7,8,9,10,11,12"
470,835940.80602634,327096.09324441,CORDOVA CHRISTIAN LEARNING CENTER,Cordova,"PK,K,1,2,3,4,5,6,7,8"
471,840668.92683838,304659.8099021,CORDOVA ELEMENTARY SCHOOL,Cordova,"K,1,2,3,4"
472,846609.85621167,336320.8962316,CORDOVA HIGH SCHOOL,Cordova,"9,10,11,12"
473,841316.82329068,318302.33381637,CORDOVA MIDDLE SCHOOL,Cordova,"5,6,7,8"
474,2774099.62884793,674727.038073,CORNERSTONE ACADEMY,Morristown,"K,1,2,3,4,5,6,7,8,9"
475,2074638.46609327,660989.33195269,CORNERSTONE MIDDLE,Baxter,"5,6,7,8"
476,788221.25284358,321290.90734826,CORNERSTONE PREPARATORY SCHOOL,Memphis,"K,1,2,3,4,5"
478,1718527.63287593,379389.17270723,CORNERSVILLE ELEMENTARY,Cornersville,"K,1,2,3,4,5,6"
479,1717810.59160665,373817.24299205,CORNERSVILLE SCHOOL,Cornersville,"7,8,9,10,11,12"
480,771844.12169935,349900.94604802,CORNING ELEMENTARY,Memphis,"PK,K,1,2,3,4,5,6"
481,736290.44160228,273751.76630004,CORO LAKE ELEMENTARY,Memphis,"PK,K,1,2,3,4,5,6"
482,767052.07007612,298023.98913164,CORRY MIDDLE SCHOOL,Memphis,"6,7,8"
483,2625692.20748752,666764.56318435,CORRYTON ELEMENTARY,Corryton,"K,1,2,3,4,5"
484,2791049.57007582,560917.71352715,COSBY ELEMENTARY,Cosby,"K,1,2,3,4,5,6,7,8"
485,2791071.30193334,560927.68049992,COSBY HIGH SCHOOL,Cosby,"9,10,11,12"
486,1748010.88340735,676914.03881528,COTTON ELEMENTARY,Nashville,"PK,K,1,2,3,4"
487,813012.73574085,284435.27239826,COTTON TAIL CHRISTIAN ACADEMY SITE 1,Memphis,"PK,K,1,2"
488,826372.2192817,267098.87929098,COTTON TAIL CHRISTIAN ACADEMY SITE 2,Memphis,"PK,K,1,2"
489,785209.08531153,284471.78840135,COTTON TAIL CHRISTIAN ACADEMY SITE 3,Memphis,
490,817047.11589344,267257.70332545,COTTONTAIL CHRISTIAN ACADEMY,Memphis,"PK,K,1,2,3"
491,1782748.05512461,720442.35084168,COUNTRY DAY MONTESSORI SCHOOL,Hendersonville,"PK,K,1"
492,2006916.60001832,469220.75747562,COVENANT ACADEMY,McMinnville,"K,1,2,3,4,5"
493,1579774.95319761,393379.99643752,COVENANT ACADEMY,Summertown,"K,1,2,3,4,5,6,7,8,9,10,11,12"
494,2437913.07822149,467360.24276416,COVENANT BAPTIST ACADEMY,Sweetwater,"PK,K,1,2,3,4,5,6,7,8,9,10,11,12"
495,1873620.28348477,684085.70833201,COVENANT LIFE SCHOOL,Lebanon,"K,1,5"
496,883423.17226574,465933.72215023,COVINGTON HIGH SCHOOL,Covington,"9,10,11,12"
497,879915.04222469,465972.15112169,COVINGTON INTEGRATED ARTS ACADEMY,Covington,"K,1,2,3,4,5,6,7,8,P3,P4"
498,1968056.25253574,305370.22639504,COWAN ELEMENTARY,Cowan,"PK,K,1,2,3,4,5"
499,2294496.4638622,576270.87223586,CRAB ORCHARD ELEMENTARY,Crab Orchard,"PK,K,1,2,3,4,5,6,7,8"
500,805503.43662292,344675.20087831,CRAIGMONT HIGH SCHOOL,Memphis,"9,10,11,12"
501,805586.50329854,345948.68987588,CRAIGMONT MIDDLE SCHOOL,Memphis,"6,7,8"
502,750374.6749936,309776.15052218,CREATIVE LIFE PREPARATORY SCHOOL,Memphis,"PK,K,1,2,3,4,5,6,7,8"
503,1586716.87161709,662429.3529063,CREEK WOOD HIGH SCHOOL,Charlotte,"9,10,11,12"
504,885609.94782958,460216.04124283,CRESTVIEW ELEMENTARY,Covington,"PK,K,1,2,3,4"
505,884865.15601208,460229.06188608,CRESTVIEW MIDDLE SCHOOL,Covington,"5,6,7,8"
506,1744162.51396425,631305.42752262,CRIEVE HALL ELEMENTARY,Nashville,"K,1,2,3,4"
507,1013543.68146293,557446.62073142,CROCKETT CHRISTIAN SCHOOL,Maury City,"K,1,2,3,4,5,6,7,8,9,10,11,12"
2467,953218.10245023,641834.71883496,THREE OAKS MIDDLE SCHOOL,Dyersburg,"6,7,8"
2468,1772027.08584967,616192.80836013,THURGOOD MARSHALL MIDDLE SCHOOL,Antioch,"5,6,7,8"
2469,1813193.62317035,595817.17292717,THURMAN FRANCIS ELEMENTARY,Smyrna,"K,1,2,3,4,5,6,7,8"
2470,879093.12293677,466170.19731351,TIPTON COUNTY ALTERNATIVE LEARNING CENTER,Covington,"K,1,2,3,4,5,6,7,8,9,10,11,12"
2471,844003.91153629,396180.96819343,TIPTON-ROSEMARK ACADEMY INC.,Millington,"K,1,2,3,4,5,6,7,8,9,10,11,12"
2472,1745175.16671592,683747.01009042,TOM JOY ELEMENTARY,Nashville,"PK,K,1,2,3,4"
2473,2177877.78478236,259605.65540176,TOMMIE F. BROWN INTERNATIONAL ACADEMY,Chattanooga,"PK,K,1,2,3,4,5"
2474,1088014.4377991,384685.20261998,TOONE ELEMENTARY,Toone,"K,1,2,3,4,5,6,7,8"
2475,973590.42836433,347730.39974474,TOTAL CHANGE OF HEART CHRISTIAN ACADEMY,Somerville,"K,1,2,3,4,5,6,7,8,9,10,11,12"
2476,874465.15047791,279592.93512256,"TOTALLY KIDS LRNG. CTR., INC.",Collierville,"PK,K"
2477,2922925.14941798,672800.85225353,TOWERING OAKS CHRISTIAN SCHOOL,Greeneville,"K,1,2,3,4,5,6,7,8"
2478,3033039.52008785,751404.38176527,TOWNE ACRES ELEMENTARY,Johnson City,"K,1,2,3,4,5"
2479,2635269.86024819,495530.01359376,TOWNSEND ELEMENTARY,Townsend,"K,1,2,3,4,5"
2480,1462648.2404347,389552.52385293,TRACE ACADEMY,Waynesboro,"7,8,9,10,11,12"
2481,2043363.42693743,335870.80929075,TRACY ELEMENTARY,Tracy City,"PK,K,1,2,3,4,5,6,7,8"
2482,790166.8441377,323562.50173139,TREADWELL ELEMENTARY,Memphis,"K,1,2,3,4,5,6"
2483,790074.23831085,323740.03040276,TREADWELL MIDDLE SCHOOL,Memphis,"6,7,8"
2484,1098195.23592924,609301.81239506,TRENTON ELEMENTARY,Trenton,"PK,K,1,2,3,4"
2485,1101013.41033335,606426.16327688,TRENTON MIDDLE SCHOOL,Trenton,"5,6,7,8"
2486,781254.25286266,344557.97325874,TREZEVANT CAREER AND TECHNICAL SCHOOL,Memphis,"9,10,11,12"
2487,780374.16911137,345666.12595946,TREZEVANT HIGH SCHOOL,Memphis,"9,10,11,12"
2488,3036199.28143679,753817.42681768,TRI - CITIES CHRISTIAN SCHOOL,Johnson City,"K,1,2,3,4,5,6,7,8"
2489,3082505.12040798,843805.23772805,TRI - CITIES CHRISTIAN SCHOOL,Bristol,"K,1,2,3,4,5,6,7,8"
2490,2652527.45073292,814489.99443891,TRI - STATE CHRISTIAN ACADEMY,Arthur,"PK,1,2,3,4,5,6,7,8,9,10,11,12"
2491,2977656.45165594,834349.06319615,TRI-CITIES CHRISTIAN SCHOOL,Kingsport,"K,1,2,3,4,5,6"
2492,3029153.21982915,811229.82907889,TRI-CITIES CHRISTIAN SCHOOL AIRPORT,Blountville,"K,1,2,3,4,5,6,7,8,9,10,11,12"
2493,2998545.50329039,770431.30351869,TRI-CITY SDA SCHOOL,Gray,"K,1,2,3,4,5,6,7,8"
2494,1029023.41133019,695003.96766343,TRIMBLE ELEMENTARY,Trimble,"K,1,2,3,4,5"
2495,1105618.2519066,506108.36021918,TRINITY CHRISTIAN ACADEMY,Jackson,"PK,K,1,2,3,4,5,6,7,8,9,10,11,12"
2496,2568588.60690475,621834.88940491,TRINITY CHRISTIAN ACADEMY,Knoxville,"K,1,2,3,4,5,6,7,8,9,10,11,12"
2497,1731839.12511852,563586.3748561,TRINITY EDUCATION CENTER,Franklin,"K,1,2,3,4,5,6,7,8,9,10,11,12"
2498,1739705.97388609,570378.76678308,TRINITY ELEMENTARY,Franklin,"PK,K,1,2,3,4,5"
2499,1927554.86885686,746464.00877201,TROUSDALE CO ELEMENTARY,Hartsville,"PK,K,1,2,3,4,5"
2500,1914367.37456261,753847.96021144,TROUSDALE CO HIGH SCHOOL,Hartsville,"9,10,11,12"
2501,800776.50182109,341092.12349762,TRUE LIGHT HERITAGE PLACE,Memphis,K
2502,1722870.10786806,668229.28688884,TSU EARLY LEARNING CENTER,Nashville,"PK,K"
2503,1916566.30853632,679248.41700626,TUCKERS CROSS ROADS,Lebanon,"K,1,2,3,4,5,6,7,8"
2504,1787802.31775421,679660.01470652,TULIP GROVE ELEMENTARY,Hermitage,"K,1,2,3,4"
2505,1902388.71937876,376765.40831356,TULLAHOMA CHRISTIAN ACADEMY,Tullahoma,"K,1,2,3,4,5,6,7,8,9,10,11,12"
2506,1902905.58789008,377858.10407178,TULLAHOMA HIGH SCHOOL,Tullahoma,"9,10,11,12"
2507,1903812.48130234,360105.71784183,TULLAHOMA SDA ELEMENTARY SCHOOL,Tullahoma,"1,2,3,4,5,6,7,8"
2508,1467263.38589834,552839.78906583,TURNEY CENTER INDUSTRIAL PRISON,Only,
2509,1756586.30449116,630144.09157173,TUSCULUM ELEMENTARY,Nashville,"K,1,2,3,4"
2510,2915932.81598152,688242.44509726,TUSCULUM VIEW ELEMENTARY,Greeneville,"PK,K,1,2,3,4,5"
2511,1768241.339506,672025.40927866,TWO RIVERS MIDDLE SCHOOL,Nashville,"5,6,7,8"
2512,2221144.40216777,266435.01721258,TYNER ACADEMY,Chattanooga,"9,10,11,12"
2513,2221167.31968563,266468.56344969,TYNER MIDDLE ACADEMY,Chattanooga,"6,7,8"
2514,2185734.63530469,660572.93514768,UFFELMAN ELEMENTARY,Monterey,"PK,K,1,2,3"
2515,1775597.55072483,642140.71971559,UNA ELEMENTARY,Nashville,"K,1,2,3,4"
2517,3103269.65190741,769167.84601543,UNAKA HIGH SCHOOL,Elizabethton,"9,10,11,12"
2518,3027830.06544768,675199.2783161,UNICOI CO HIGH SCHOOL,Erwin,"9,10,11,12"
2519,3027836.94100293,675427.21691039,UNICOI CO MIDDLE SCHOOL,Erwin,"6,7,8"
2520,3027809.9233974,675865.79716467,UNICOI COMMUNITY LEARNING CENTER,Erwin,"P3,P4"
2521,3027797.93468443,675471.73347428,UNICOI COUNTY INTERMEDIATE SCHOOL,Erwin,"4,5"
2522,3044290.7182922,698154.7236934,UNICOI ELEMENTARY,Unicoi,"K,1,2,3"
2523,1073718.73623724,770997.15496381,UNION CITY ELEMENTARY SCHOOL,Union City,"PK,K,1,2,3,4,5"
2524,1073241.68071157,772907.59981772,UNION CITY HIGH SCHOOL,Union City,"9,10,11,12"
2525,1072413.4037431,772762.60823999,UNION CITY MIDDLE SCHOOL,Union City,"6,7,8"
2526,2612147.9865445,701056.379115,UNION COUNTY ALTERNATIVE CENTER,Maynardville,"6,7,8,9,10,11,12"
2527,2616282.90701801,704026.26936202,UNION COUNTY HIGH SCHOOL,Maynardville,"9,10,11,12"
2528,1834190.47766587,752709.61786507,UNION ELEMENTARY SCHOOL,Gallatin,"PK,K,1,2,3,4,5"
2529,2538559.80730802,520483.69289455,UNION GROVE ELEMENTARY SCHOOL,Friendsville,"PK,K,1,2,3,4,5"
2530,2538558.13538155,520545.57942216,UNION GROVE MIDDLE SCHOOL,Friendsville,"PK,6,7,8"
2531,2781441.50646225,684644.35844543,UNION HEIGHTS ELEMENTARY,Morristown,"K,1,2,3,4,5"
2532,1951377.64086312,702843.30155496,UNION HEIGHTS ELEMENTARY,Carthage,"K,1,2,3,4,5,6,7,8"
2533,2303534.44704598,310513.86182386,UNITED CHRISTIAN ACADEMY,Cleveland,"PK,K,1,2,3,4,5,6,7,8,9,10,11,12"
2534,1565628.60333404,627176.39130456,UNITED CHRISTIAN ACADEMY,Dickson,"PK,K,1,2,3,4,5,6,7,8,9,10,11,12"
2535,1554243.70800035,822084.92478708,UNITY CHRISTIAN ACADEMY,Clarksville,"3,4,5,6,7,8,9,10,11,12"
2536,1130472.10399892,746515.91636871,UNITY CHRISTIAN SCHOOL,Martin,"K,1,2,3,4,5,6,7,8,9,10,11,12"
2537,1757415.69300077,329889.78141104,UNITY SCHOOL,Petersburg,"PK,K,1,2,3,4,5,6,7,8"
2538,3038318.65847968,737479.39977274,UNIVERSITY SCHOOL,Johnson City,"K,1,2,3,4,5,6,7,8,9,10,11,12"
2539,1110906.04907377,512523.33754669,UNIVERSITY SCHOOL OF JACKSON,Jackson,"PK,K,1,2,3,4,5,6,7,8,9,10,11,12"
2540,1732660.07179095,660070.03464507,UNIVERSITY SCHOOL OF NASHVILLE,Nashville,"K,1,2,3,4,5,6,7,8,9,10,11,12"
2541,2576384.80675869,601302.79581418,UNIVERSITY SDA SCHOOL,Knoxville,"K,1,2,3,4,5,6,7,8"
2542,2075967.00739944,668534.55800393,UPPERMAN HIGH SCHOOL,Baxter,"9,10,11,12"
2543,2582205.64780726,598526.72229808,UT EARLY LEARNING CENTER,Knoville,"PK,K"
2544,1785544.85333675,710026.52390433,V G HAWKINS MIDDLE SCHOOL,Hendersonville,"6,7,8"
2545,3086969.07248256,750006.65465082,VALLEY FORGE ELEMENTARY,Elizabethton,"K,1,2,3,4,5"
2546,3097423.26645049,834791.91435797,VALLEY PIKE ELEMENTARY,Bristol,"PK,K,1,2,3,4,5"
2547,2548503.04484018,764757.96708677,VALLEY VIEW ELEMENTARY,LaFollette,"PK,K,1,2,3,4,5"
2548,2326091.93857901,263559.08449192,VALLEY VIEW ELEMENTARY,Cleveland,"K,1,2,3,4,5"
2549,2126800.51716915,515070.96823858,VAN BUREN CO HIGH SCHOOL,Spencer,"6,7,8,9,10,11,12"
2550,760677.44845432,316494.8646575,VANCE MIDDLE SCHOOL,Memphis,"6,7,8"
2551,3089887.62674269,841341.98323613,VANCE MIDDLE SCHOOL,Bristol,"7,8"
2552,1543201.33092973,691856.92436284,VANLEER ELEMENTARY,Vanleer,"PK,K,1,2,3,4,5"
2553,2630349.25230725,684885.46526266,VANVUUREN ACADEMY,Luttrell,"7,8,9,10,11,12"
2554,843105.90791083,339925.33780372,VARANGON ACADEMY,Bartlett,"7,8,9,10,11,12"
2555,1842771.16112803,750701.23947076,VENA STUART ELEMENTARY,Gallatin,"PK,K,1,2,3,4,5"
2556,757972.39231606,321140.64875349,VERITAS COLLEGE PREPARATORY,Memphis,6
2557,1708257.62665843,792336.42835483,VICTORY ACADEMY,Springfield,"K,1,2,3,4,5,6,7,8,9,10,11,12"
2558,1834106.0550987,431707.4516066,VICTORY BAPTIST ACADEMY,Shelbyville,"K,1,2,3,4,5,6,7,8,9,10,11,12"
2559,2588492.61587636,603830.48006327,VINE MIDDLE/MAGNET,Knoxville,"6,7,8"
2560,772799.99694077,326929.02041585,VOLLENTINE ELEMENTARY,Memphis,"PK,K,1,2,3,4,5"
2561,2916375.29163151,808603.25419647,VOLUNTEER HIGH SCHOOL,Church Hill,"9,10,11,12"
2562,2491817.98321374,461719.12431125,VONORE ELEMENTARY,Vonore,"PK,K,1,2,3,4,5"
2563,2492346.44398633,463726.90000204,VONORE MIDDLE SCHOOL,Vonore,"6,7,8"
2564,1809932.0026332,690074.243803,W A WRIGHT ELEMENTARY,Mt Juliet,"K,1,2,3,4,5"
2565,1172000.45411569,407260.2465641,W CHESTER ELEMENTARY SCHOOL,Henderson,"K,1,2,3"
2566,1293127.12163877,723533.76296593,W G RHEA ELEMENTARY,Paris,"K,1,2"
2567,1608919.18959804,648145.12255576,W JAMES MIDDLE SCHOOL,White Bluff,"6,7,8"
2568,1280521.11043352,720892.36831435,W O INMAN MIDDLE SCHOOL,Paris,"6,7,8"
2569,1717531.54477632,663915.94139216,W. A. BASS MIDDLE SCHOOL,Nashville,"5,6,7,8"
2570,2330848.00693235,344776.3805998,WALKER VALLEY HIGH SCHOOL,Cleveland,"9,10,11,12"
2571,2240289.96287359,286783.90746475,WALLACE A. SMITH ELEMENTARY,Ooltewah,"K,1,2,3,4,5"
2572,2635339.18291605,519833.72358165,WALLAND ELEMENTARY SCHOOL,Walland,"K,1,2,3,4,5"
2573,1703625.34361967,599708.98600967,WALNUT GROVE ELEMENTARY,Franklin,"PK,PS,K,1,2,3,4,5,N"
2574,2400776.08423301,590083.96542463,WALNUT HILL ELEMENTARY,Harriman,"K,1,2,3,4,5"
2575,1856626.77466401,589674.50446344,WALTER HILL ELEMENTARY,Murfreesboro,"PK,K,1,2,3,4,5"
2576,1881189.72044559,686718.64368292,WALTER J. BAIRD MIDDLE SCHOOL,Lebanon,"7,8"
2577,1782659.60484219,703201.98341959,WALTON FERRY ELEMENTARY,Hendersonville,"K,1,2,3,4,5"
2578,1743683.63126664,670058.38732253,WARNER ELEMENTARY ENHANCED OPTION SCHOOL,Nashville,"PK,K,1,2,3,4"
2579,2036423.44245785,492469.92949084,WARREN COUNTY ALTERNATIVE ACADEMY,McMinnville,"6,7,8,9,10,11,12"
2580,2024195.443948,477801.28002242,WARREN COUNTY HIGH SCHOOL,McMinnville,"9,10,11,12"
2581,2036806.57751836,495750.30186709,WARREN COUNTY MIDDLE SCHOOL,McMinnville,"6,7,8"
2582,2678975.34604877,722831.56961387,WASHBURN SCHOOL,Washburn,"PK,K,1,2,3,4,5,6,7,8,9,10,11,12"
2583,3026166.870376,743407.26224254,WASHINGTON COUNTY ADULT HIGH SCHOOL,Johnson City,"9,10,11,12"
2584,2957238.00178718,825724.60415115,WASHINGTON ELEMENTARY,Kingsport,"K,1,2,3,4,5"
2585,1743360.88939118,752071.7683326,WATAUGA ELEMENTARY,Ridgetop,"K,1,2,3,4,5"
2586,1924841.94088377,642538.28191261,WATERTOWN ELEMENTARY,Watertown,"K,1,2,3,4,5,6,7,8"
2587,1926523.69211344,643053.66506817,WATERTOWN HIGH SCHOOL,Watertown,"9,10,11,12"
2588,2305558.15049657,281362.63853401,WATERVILLE COMMUNITY ELEMENTARY,Cleveland,"K,1,2,3,4,5"
2589,1818410.10063726,821592.58291833,WATT HARDISON ELEMENTARY,Portland,"K,1,2,3,4,5"
2590,1420526.66998878,640376.13925527,WAVERLY CENTRAL HIGH SCHOOL,Waverly,"9,10,11,12"
2591,1443387.17128741,641279.69682963,WAVERLY ELEMENTARY,Waverly,"PK,K,1,2,3"
2592,1442564.76261052,641305.87867627,WAVERLY JR HIGH SCHOOL,Waverly,"4,5,6,7,8"
2593,1438311.90705602,365585.47525501,WAYNE ACADEMY,Waynesboro,"9,10,11,12"
2594,1442598.69522249,358278.82449978,WAYNE COUNTY HIGH SCHOOL,Waynesboro,"9,10,11,12"
2595,1442588.35973123,358431.5679369,WAYNE COUNTY TECHNOLOGY CENTER,Waynesboro,"9,10,11,12"
2596,1741871.70942764,663219.13118615,WAYNE REED CHILD CARE CENTER,Nashville,"P3,P4"
2597,1442811.8681005,359548.797763,WAYNESBORO ELEMENTARY,Waynesboro,"PK,K,1,2,3,4"
2598,1442510.1683892,361504.82802001,WAYNESBORO MIDDLE SCHOOL,Waynesboro,"5,6,7,8"
2599,1161174.44651549,724098.97111277,WEAKLEY COUNTY CENTER FOR ADULT  CONTINUING EDUCATION,Dresden,"9,10,11,12"
2600,2667885.79493672,514615.04189415,WEARWOOD ELEMENTARY,Sevierville,"K,1,2,3,4,5,6,7,8"
2601,3088919.56316427,820135.43631064,WEAVER ELEMENTARY,Bristol,"K,1,2,3,4,5"
2602,1865310.525498,457634.05592125,WEBB SCHOOL,Bell Buckle,"6,7,8,9,10,11,12"
2603,2526504.31334403,583981.99515402,WEBB SCHOOL OF KNOXVILLE,Knoxville,"K,1,2,3,4,5,6,7,8,9,10,11,12"
2604,1572655.78988186,797410.28826788,WEEMS ACADEMY,Clarksville,"K,1,2,3,4,5,6,7,8,9,10,11,12"
2605,798373.56062294,329802.04944668,WELLS STATION ELEMENTARY,Memphis,"PK,K,1,2,3,4,5,6"
2606,1192048.63944194,619867.26553962,WEST CARROLL ELEMENTARY SCHOOL,Trezevant,"3,4,5,6"
2607,1182971.81369527,608349.15728321,WEST CARROLL JUNIOR/SENIOR HIGH SCHOOL,Atwood,"7,8,9,10,11,12"
2608,1205634.22288093,612431.95971362,WEST CARROLL PRIMARY,McLemoresville,"K,1,2"
2609,1624474.6777955,732606.40513233,WEST CHEATHAM ELEMENTARY,Chapmansboro,"K,1,2,3,4"
2612,1564160.53095941,832665.86748492,WEST CREEK MIDDLE SCHOOL,Clarksville,"6,7,8"
2613,2763214.40645599,699194.19710137,WEST ELEMENTARY,Morristown,"K,1,2,3,4,5"
2614,2031989.45854369,495024.92274043,WEST ELEMENTARY,McMinnville,"K,1,2,3,4,5"
2615,1826969.89038838,691100.8185639,WEST ELEMENTARY,Mt Juliet,"K,1,2,3,4,5"
2616,2549367.7432955,600449.80141087,WEST END ACADEMY,Knoxville,"6,7,8,9,10,11,12"
2617,2544485.01786809,586416.03490534,WEST END KINDERGARTEN,Knoxville,"PK,K"
2618,1725229.60321019,656878.58714135,WEST END MIDDLE SCHOOL,Nashville,"5,6,7,8"
2619,2861673.98092987,687917.09141726,WEST GREENE HIGH SCHOOL,Mosheim,"9,10,11,12"
2620,1269521.16208542,341419.39423513,WEST HARDIN ELEMENTARY,Adamsville,"K,1,2,3,4,5"
2621,2565285.09076919,606910.7941126,WEST HAVEN ELEMENTARY,Knoxville,"K,1,2,3,4,5"
2622,2567946.80985519,594263.52511584,WEST HIGH SCHOOL,Knoxville,"9,10,11,12"
2623,2546845.43641241,586655.71156151,WEST HILLS BAPTIST CHURCH PRESCHOOL AND KINDERGARTEN,Knoxville,"PK,K"
2624,2549266.21964087,588213.14509251,WEST HILLS ELEMENTARY,Knoxville,"K,1,2,3,4,5"
2625,1129794.09051096,480716.12748766,WEST JACKSON LEARNING CENTER,Jackson,"9,10,11,12"
2626,918117.84449188,336538.84557899,WEST JUNIOR HIGH SCHOOL,Oakland,"7,8,9"
2627,1898238.6165697,366398.52158358,WEST MIDDLE SCHOOL,Tullahoma,"6,7,8"
2628,1067817.46640235,454162.9348308,WEST MIDDLE SCHOOL,Denmark,"6,7,8"
2629,2934715.95327366,746877.96470935,WEST PINES ELEMENTARY,Greeneville,"K,1,2,3,4,5,6,7,8"
2630,1923504.98101643,540614.07401639,WEST SIDE ELEMENTARY,Readyville,"K,1,2,3,4,5,6,7,8"
2631,3073983.92978567,752857.08132428,WEST SIDE ELEMENTARY,Elizabethton,"K,1,2,3,4,5"
2632,1140023.77495894,489383.51899701,WEST TENNESSEE SCHOOL FOR DEAF,Jackson,"K,1,2,3,4,5,6"
2634,2536466.88331386,576007.82081368,WEST VALLEY MIDDLE SCHOOL,Knoxville,"6,7,8"
2635,2572520.30923836,600973.42409759,WEST VIEW ELEMENTARY,Knoxville,"PK,K,1,2,3,4,5"
2636,2751004.55200669,678331.50363309,WEST VIEW MIDDLE SCHOOL,Morristown,"6,7,8"
2637,2972715.79790208,705486.14362222,WEST VIEW SCHOOL,Limestone,"K,1,2,3,4,5,6,7,8"
2638,1817635.60432227,674309.15710561,WEST WILSON MIDDLE SCHOOL,Mt Juliet,"6,7,8"
2639,756465.03047801,276146.45611895,WESTHAVEN ELEMENTARY,Memphis,"PK,K,1,2,3,4,5"
2640,1732461.20470115,414344.16967638,WESTHILLS ELEMENTARY,Lewisburg,"K,1,2,3,4,5,6"
2641,1704147.21388692,641447.97319007,WESTMEADE ELEMENTARY,Nashville,"K,1,2,3,4"
2642,814413.04790085,294975.96916461,WESTMINISTER ACADEMY,Memphis,"K,1,2,3,4,5,6,7,8,9,10,11,12"
2643,1894261.48152283,815151.91338868,WESTMORELAND ELEMENTARY,Westmoreland,"K,1,2,3,4,5"
2644,1896188.49669712,813318.3167214,WESTMORELAND HIGH SCHOOL,Westmoreland,"9,10,11,12"
2645,1893484.2650822,813804.91805318,WESTMORELAND MIDDLE SCHOOL,Westmoreland,"6,7,8"
2646,1215099.18911727,503000.13996853,WESTOVER ELEMENTARY,Huron,"PK,K,1,2,3,4,5,6,7,8"
2647,762889.63454368,346487.25590559,WESTSIDE ELEMENTARY,Memphis,"K,1,2,3,4,5,6"
2648,2382674.15382645,407896.87750868,WESTSIDE ELEMENTARY,Athens,"4,5,6"
2649,1917592.62915127,797545.42768111,WESTSIDE ELEMENTARY,Westmoreland,"K,1,2,3,4,5"
2650,1702796.49841579,792108.35232403,WESTSIDE ELEMENTARY,Springfield,"1,2,3,4,5"
2651,763497.07950817,347836.7112958,WESTSIDE MIDDLE,Memphis,"7,8"
2652,2238266.1893529,244263.95316076,WESTVIEW ELEMENTARY,Chattanooga,"K,1,2,3,4,5"
2653,1130303.60180982,729334.81317655,WESTVIEW HIGH SCHOOL,Martin,"9,10,11,12"
2654,744210.16408625,277526.14481667,WESTWOOD ELEMENTARY,Memphis,"PK,K,1,2,3,4,5,6"
2655,1940287.40684386,411460.63609355,WESTWOOD ELEMENTARY,Manchester,"PK,K,1,2,3,4,5,6"
2656,1635569.97940259,604292.48898175,WESTWOOD ELEMENTARY SCHOOL,Fairview,"PK,K,1,2,3,4,5"
2657,1942081.39090315,414950.44890352,WESTWOOD JR HIGH SCHOOL,Manchester,"7,8,9"
2658,2031098.17556498,488237.94123654,WESTWOOD KINDERGARTEN,Mcminnville,K
2659,743640.44353904,277876.22782286,WESTWOOD MIDDLE/ HIGH SCHOOL,Memphis,"9,10,11,12"
2660,1607911.16518371,652215.15413425,WHITE BLUFF ELEMENTARY,White Bluff,"PK,K,1,2,3,4,5"
2661,2125851.05428469,586256.14250859,WHITE CO MIDDLE SCHOOL,Sparta,"6,7,8"
2662,2123103.34226044,585210.75155477,WHITE COUNTY HIGH SCHOOL,Sparta,"9,10,11,12"
2663,1776959.80005548,777281.55839238,WHITE HOUSE CHRISTIAN ACADEMY,White House,"PK,K,1,2,3,4,5,6,7,8,9,10,11,12"
2664,1774239.01061037,777400.81062404,WHITE HOUSE HERITAGE ELEMENTARY SCHOOL,White House,
2665,1761732.74512118,780226.31690342,WHITE HOUSE HERITAGE HIGH SCHOOL,White House,"7,8,9,10,11,12"
2666,1778228.39273867,774053.92908414,WHITE HOUSE HIGH SCHOOL,White House,"9,10,11,12"
2667,1773556.97633085,775221.51986548,WHITE HOUSE MIDDLE SCHOOL,White House,"5,6,7,8"
2668,2546314.62914949,806358.15352661,WHITE OAK ELEMENTARY,Duff,"K,1,2,3,4,5,6,7,8"
2669,2767384.29385345,653850.46105985,WHITE PINE ELEMENTARY,White Pine,"PK,K,1,2,3,4,5,6,7,8"
2670,2132514.49830686,679268.38069635,WHITE PLAINS ACADEMY,Algood,"K,1,2,3,4,5,6,7,8,9,10,11,12"
2671,802473.19448402,316501.21056285,WHITE STATION ELEMENTARY,Memphis,"PK,K,1,2,3,4,5,6"
2672,799893.92013998,304711.58253847,WHITE STATION HIGH SCHOOL,Memphis,"9,10,11,12"
2673,808833.23471997,316887.70656758,WHITE STATION MIDDLE SCHOOL,Memphis,"6,7,8"
2674,1135899.72316769,480668.77789636,WHITEHALL PRE-K CENTER,Jackson,PK
2675,763460.06169371,273848.47092852,WHITEHAVEN ELEMENTARY,Memphis,"PK,K,1,2,3,4,5"
2676,763434.18782795,273246.47398551,WHITEHAVEN HIGH SCHOOL,Memphis,"9,10,11,12"
2677,2670175.32279391,559183.79531821,WHITES ADULT HIGH SCHOOL,Sevierville,"9,10,11,12"
2678,734218.60590659,283510.82479551,WHITES CHAPEL ELEMENTARY,Memphis,"PK,K,1,2,3,4,5,6"
2679,1727339.68923795,707181.1461098,WHITES CREEK COMP HIGH SCHOOL,Whites Creek,"9,10,11,12"
2680,2811646.47156604,718048.57358039,WHITESBURG ELEMENTARY,Whitesburg,"K,1,2,3,4,5"
2681,1028257.52178586,367890.84203535,WHITEVILLE CORRECTIONAL FACILITY,Whiteville,12
2682,1031071.1541564,373944.88836209,WHITEVILLE ELEMENTARY,Whiteville,"PK,K,1,2,3,4,5,6,7,8"
2683,766546.25183903,343249.84934589,WHITNEY ELEMENTARY,Memphis,"PK,K,1,2,3,4,5,6"
2684,1648088.30699682,469222.0380291,WHITTHORNE MIDDLE SCHOOL,Columbia,"5,6,7,8"
2685,2584441.10298201,618616.22969117,WHITTLE SPRINGS MIDDLE SCHOOL,Knoxville,"6,7,8"
2686,2108678.74184459,309393.19656367,WHITWELL ELEMENTARY,Whitwell,"PK,K,1,2,3,4"
2687,2108532.58629702,308687.33577068,WHITWELL HIGH SCHOOL,Whitwell,"9,10,11,12"
2688,2107759.47104534,308549.44661074,WHITWELL MIDDLE SCHOOL,Whitwell,"5,6,7,8"
2689,1868606.10322443,518612.16001467,WHITWORTH-BUCHANAN MIDDLE SCHOOL,Murfreesboro,"6,7,8"
2690,965243.74903306,362997.32416252,WILDER YOUTH DEVELOPMENT CENTER,Somerville,"6,7,8,9,10,11,12"
2691,1580368.69085528,782006.9754156,WILDWOOD HOMESCHOOL ACADEMY,Clarksville,"1,2,3,4,5,6,7,8,9,10,11,12"
2692,2551947.32971509,518649.47785341,WILLIAM BLOUNT HIGH SCHOOL,Maryville,"9,10,11,12"
2693,1757937.58105829,615486.99920182,WILLIAM HENRY OLIVER MIDDLE SCHOOL,Nashville,"5,6,7,8"
2694,781129.65383786,320040.59488827,WILLIAM HERBERT BREWSTER ELEMENTARY,Memphis,"PK,K,1,2,3,4,5"
2695,2470569.60891527,611906.15108772,WILLOW BROOK ELEMENTARY,Oak Ridge,"K,1,2,3,4"
2696,1685661.95544725,556859.95733366,WILLOW HALL ACADEMY,Franklin,"K,1,2,3,4,5,6,7,8"
2697,797523.70394845,297316.5207883,WILLOW OAKS ELEMENTARY,Memphis,"K,1,2,3,4,5"
2698,1851781.03844942,655660.0348685,WILSON CENTRAL HIGH SCHOOL,Lebanon,"9,10,11,12"
2699,1884353.25313991,681126.09251561,WILSON CO ADULT HIGH SCHOOL,Lebanon,"9,10,11,12"
2700,1884643.63133632,680548.03336249,WILSON COUNTY VOCATIONAL CENTER,Lebanon,"8,9,10,11,12"
2701,2212896.65447135,686610.09698401,WILSON ELEMENTARY,Crawford,"PK,K,1,2,3,4,5,6,7,8"
2702,1849947.71449282,600456.92315181,WILSON ELEMENTARY SCHOOL,Murfreesboro,"K,1,2,3,4,5"
2703,1941074.84673808,307642.60984174,WINCHESTER CHRISTIAN ACADEMY,Winchester,"K,1,2,3,4,5,6,7,8,9,10,11,12"
2704,772736.71508051,285574.24509325,WINCHESTER ELEMENTARY,Memphis,"PK,K,1,2,3,4,5"
2705,2418892.53183011,806036.81099125,WINFIELD ELEMENTARY,Winfield,"PK,K,1,2,3,4,5,6,7,8"
2706,814682.58640377,284401.84431551,WINRIDGE ELEMENTARY SCHOOL,Memphis,"K,1,2,3,4,5"
2707,1707910.47186823,565134.94689482,WINSTEAD ELEMENTARY SCHOOL,Franklin,"K,1,2,3,4,5"
2708,2772836.4922666,675867.54497833,WITT ELEMENTARY,Morristown,"K,1,2,3,4,5"
2709,2247936.28462644,266433.59352247,WOLFTEVER CREEK ELEMENTARY,Ooltewah,"PK,K,1,2,3,4,5"
2710,1945859.37656184,541832.41928675,WOODBURY GRAMMAR,Woodbury,"PK,K,1,2,3,4,5,6,7,8"
2711,1948595.11956392,510307.29362688,WOODBURY SDA ELEMENTARY SCHOOL,Woodbury,"1,2,3,4,5,6,7,8"
2712,803836.76163877,286999.50808343,WOODDALE HIGH SCHOOL,Memphis,"9,10,11,12"
2713,804083.77000302,285466.64828826,WOODDALE MIDDLE,Memphis,"6,7,8"
2714,3027460.01360308,743274.02602026,WOODLAND ELEMENTARY,Johnson City,"PK,K,1,2,3,4,5"
2715,2487715.93389994,615637.73564818,WOODLAND ELEMENTARY,Oak Ridge,"K,1,2,3,4"
2716,1951236.81271322,501877.41990887,WOODLAND ELEMENTARY,Bradyville,"K,1,2,3,4,5,6,7,8"
2717,1713638.82228035,681658.27224201,WOODLAND HILLS YOUTH DEVELOPMENT CENTER,Nashville,"7,8,9,10,11,12"
2718,1740074.09519711,600219.90591959,WOODLAND MIDDLE SCHOOL,Brentwood,"6,7,8,N"
2719,2125309.45136528,573469.53586402,WOODLAND PARK ELEMENTARY,Sparta,"PK,K,1,2,3,4,5"
2720,805776.28390868,304071.11334645,WOODLAND PRESBYTERIAN SCHOOL,Memphis,"PK,K,1,2,3,4,5,6,7,8"
2721,785631.4589859,372719.29355221,WOODLAWN BAPTIST ACADEMY,Millington,"PK,K,1,2,3,4,5,6,7,8,9,10,11"
2722,1527339.92696022,808511.10762021,WOODLAWN ELEMENTARY,Woodlawn,"PK,K,1,2,3,4,5"
2723,2199840.09660379,255637.23509033,WOODMORE ELEMENTARY,Chattanooga,"PK,K,1,2,3,4,5"
2724,3042397.35355496,740803.1112354,WOODRIDGE HOSPITAL,Johnson City,"K,1,2,3,4,5,6,7,8,9,10,11,12"
2725,782216.22120501,371424.90598785,WOODSTOCK MIDDLE SCHOOL,Millington,"6,7,8"
2726,788477.98929972,297998.02829474,WORD OF FAITH CHRISTIAN ACADEMY,Memphis,"K,1,2,3,4,5,6,7,8,9,10"
2727,818859.57632466,283228.30520703,WORLD OVERCOMERS CHRISTIAN ACADEMY,Memphis,"K,1,2,3,4,5,6"
2728,1752466.91653731,643476.79033938,WRIGHT MIDDLE SCHOOL,Nashville,"5,6,7,8"
2729,2535120.88108461,793640.45641368,WYNN HABERSHAM ELEMENTARY,Duff,"K,1,2,3,4,5,6,7,8"
2730,2281640.7463136,762610.03192611,YORK ELEMENTARY,Jamestown,"PK,K,1,2,3,4,5,6,7,8"
2731,1046948.69568951,655074.48256191,YORKVILLE ELEMENTARY,Yorkville,"PK,K,1,2,3,4,5,6,7,8"
2732,799947.29500825,345490.08335925,YOUTH DIMENSIONS,Memphis,"6,7,8,9,10,11,12"
2733,1872293.37979958,650177.65279338,YOUTH EMERGENCY SERVICES OF M T,Lebanon,"7,8,9,10,11,12"
2734,1628409.4650798,462417.12488426,ZION CHRISTIAN ACADEMY,Columbia,"K,4,5,6,7,8,9,10,11,12"
